alias,csco_code,csco_code_num,csco_name
财务主管/总账主管,1-03-00-02,1030002,工商联负责人
党工团干事,1-04-01-01,1040101,工会负责人
联合创始人,1-06-01-01,1060101,企业董事
副总裁/副总经理VP,1-06-01-01,1060101,企业董事
场长(农/林/牧/渔业),1-06-01-02,1060102,企业经理
办事处/分公司/分支机构经理,1-06-01-02,1060102,企业经理
副总经理/副总裁,1-06-01-02,1060102,企业经理
首席财务官CFO,1-06-01-02,1060102,企业经理
CMO,1-06-01-02,1060102,企业经理
首席产品官CPO,1-06-01-02,1060102,企业经理
厂长,1-06-01-02,1060102,企业经理
COO,1-06-01-02,1060102,企业经理
首席执行官CEO/总裁,1-06-01-02,1060102,企业经理
CFO,1-06-01-02,1060102,企业经理
工厂经理/厂长,1-06-01-02,1060102,企业经理
首席信息官CIO,1-06-01-02,1060102,企业经理
储备经理人,1-06-01-02,1060102,企业经理
总裁/总经理/CEO,1-06-01-02,1060102,企业经理
CTO,1-06-01-02,1060102,企业经理
高级管理职位,1-06-01-02,1060102,企业经理
首席营销官CMO,1-06-01-02,1060102,企业经理
增长产品经理,1-06-01-02,1060102,企业经理
区域负责人（辖多个分公司）,1-06-01-02,1060102,企业经理
首席技术执行官CTO,1-06-01-02,1060102,企业经理
办事处首席代表,1-06-01-02,1060102,企业经理
区域总监,1-06-01-02,1060102,企业经理
首席运营官COO,1-06-01-02,1060102,企业经理
总监/部门经理,1-06-01-02,1060102,企业经理
校长副校长,1-06-02-00,1060200,事业单位负责人
营业部大堂经理,1-06-02-00,1060200,事业单位负责人
分公司/代表处负责人,1-06-02-00,1060200,事业单位负责人
医院管理人员,1-06-02-00,1060200,事业单位负责人
校长,1-06-02-00,1060200,事业单位负责人
运营总监,1-06-02-00,1060200,事业单位负责人
园长,1-06-02-00,1060200,事业单位负责人
园长副园长,1-06-02-00,1060200,事业单位负责人
实验室技术员,2-00-00-00,2000000,专业技术人员
技术文档工程师,2-00-00-00,2000000,专业技术人员
技术合伙人,2-00-00-00,2000000,专业技术人员
科研人员,2-01-00-00,2010000,科学研究人员
科研管理人员,2-01-00-00,2010000,科学研究人员
生物学研究人员,2-01-06-05,2010605,生物学研究人员
临床研究员,2-01-08-00,2010800,医学研究人员
药理研究,2-01-08-00,2010800,医学研究人员
药物分析研究员,2-01-08-00,2010800,医学研究人员
医药技术研发管理人员,2-01-08-00,2010800,医学研究人员
医药技术研发人员,2-01-08-00,2010800,医学研究人员
药理研究员,2-01-08-00,2010800,医学研究人员
病理研究员,2-01-08-00,2010800,医学研究人员
需求工程师,2-02-00-00,2020000,工程技术人员
实验室负责人/工程师,2-02-00-00,2020000,工程技术人员
技术总监,2-02-00-00,2020000,工程技术人员
总工程师/副总工程师,2-02-00-00,2020000,工程技术人员
研发总监/部长/专家,2-02-00-00,2020000,工程技术人员
前介工程师,2-02-00-00,2020000,工程技术人员
地质工程师,2-02-01-00,2020100,地质勘探工程技术人员
矿产勘探/地质勘测工程师,2-02-01-04,2020104,地质矿产调查工程技术人员
GIS工程师,2-02-02-07,2020207,地理信息系统工程技术人员L/S
SLAM算法,2-02-02-08,2020208,导航与位置服务工程技术人员L/S
石油天然气技术人员,2-02-04-00,2020400,石油天然气工程技术人员
化工实验室研究员/技术员,2-02-06-01,2020601,化工实验工程技术人员
涂料研发工程师,2-02-06-03,2020603,化工生产工程技术人员
化工工程师,2-02-06-03,2020603,化工生产工程技术人员
机械研发经理/主管,2-02-07-00,2020700,机械工程技术人员
机械工程师,2-02-07-00,2020700,机械工程技术人员
机械结构工程师,2-02-07-01,2020701,机械设计工程技术人员
机械设计,2-02-07-01,2020701,机械设计工程技术人员
夹具工程师,2-02-07-01,2020701,机械设计工程技术人员
机械装配工程师,2-02-07-02,2020702,机械制造工程技术人员
机械产品工程师,2-02-07-02,2020702,机械制造工程技术人员
总装工程师,2-02-07-02,2020702,机械制造工程技术人员
冲压工艺工程师,2-02-07-02,2020702,机械制造工程技术人员
机械研发工程师,2-02-07-02,2020702,机械制造工程技术人员
机械设备工程师,2-02-07-02,2020702,机械制造工程技术人员
液压工程师,2-02-07-02,2020702,机械制造工程技术人员
设备工程师,2-02-07-04,2020704,设备工程技术人员
医药项目经理,2-02-07-05,2020705,医学设备管理工程技术人员
医疗器械研发,2-02-07-05,2020705,医学设备管理工程技术人员
医疗器械注册,2-02-07-05,2020705,医学设备管理工程技术人员
临床医学经理/专员,2-02-07-05,2020705,医学设备管理工程技术人员
注塑工程师,2-02-07-06,2020706,模具设计工程技术人员
模具工程师,2-02-07-06,2020706,模具设计工程技术人员
冲压工程师,2-02-07-06,2020706,模具设计工程技术人员
模具设计,2-02-07-06,2020706,模具设计工程技术人员
PLC,2-02-07-07,2020707,自动控制工程技术人员S
自动化运维工程师,2-02-07-07,2020707,自动控制工程技术人员S
规控算法,2-02-07-07,2020707,自动控制工程技术人员S
自动化测试,2-02-07-07,2020707,自动控制工程技术人员S
PLC工程师,2-02-07-07,2020707,自动控制工程技术人员S
自动控制工程师/技术员,2-02-07-07,2020707,自动控制工程技术人员S
自动化,2-02-07-07,2020707,自动控制工程技术人员S
涂装工艺工程师,2-02-07-08,2020708,材料成形与改性工程技术人员
焊接工艺工程师,2-02-07-09,2020709,焊接工程技术人员
焊接工程师,2-02-07-09,2020709,焊接工程技术人员
底盘工程师,2-02-07-11,2020711,汽车工程技术人员L
动力总成工程师,2-02-07-11,2020711,汽车工程技术人员L
汽车/摩托车工程师,2-02-07-11,2020711,汽车工程技术人员L
汽车结构工程师,2-02-07-11,2020711,汽车工程技术人员L
车身/造型设计,2-02-07-11,2020711,汽车工程技术人员L
汽车项目管理,2-02-07-11,2020711,汽车工程技术人员L
新能源电机工程师,2-02-07-11,2020711,汽车工程技术人员L
汽车试验工程师,2-02-07-11,2020711,汽车工程技术人员L
汽车质量工程师,2-02-07-11,2020711,汽车工程技术人员L
发动机匹配工程师,2-02-07-11,2020711,汽车工程技术人员L
汽车标定工程师,2-02-07-11,2020711,汽车工程技术人员L
内外饰设计工程师,2-02-07-11,2020711,汽车工程技术人员L
汽车零部件设计,2-02-07-11,2020711,汽车工程技术人员L
汽车设计,2-02-07-11,2020711,汽车工程技术人员L
汽车改装工程师,2-02-07-11,2020711,汽车工程技术人员L
汽车装配工艺工程师,2-02-07-11,2020711,汽车工程技术人员L
动力系统工程师,2-02-07-11,2020711,汽车工程技术人员L
自动驾驶系统工程师,2-02-07-11,2020711,汽车工程技术人员L
发动机工程师,2-02-07-11,2020711,汽车工程技术人员L
汽车设计工程师,2-02-07-11,2020711,汽车工程技术人员L
船舶工程师,2-02-07-12,2020712,船舶工程技术人员
铸造/锻造工程师,2-02-07-13,2020713,铸造工程技术人员
铸造/锻造工程师/技师,2-02-07-13,2020713,铸造工程技术人员
飞行器设计与制造,2-02-08-01,2020801,飞行器设计工程技术人员
电子文档工程师,2-02-09-00,2020900,电子工程技术人员
电子工程师,2-02-09-00,2020900,电子工程技术人员
电子技术研发工程师,2-02-09-00,2020900,电子工程技术人员
电子设备工程师,2-02-09-00,2020900,电子工程技术人员
电子工艺工程师,2-02-09-00,2020900,电子工程技术人员
电子工程师/技术员,2-02-09-00,2020900,电子工程技术人员
半导体工艺工程师,2-02-09-01,2020901,电子材料工程技术人员
汽车电子工程师,2-02-09-01,2020901,电子材料工程技术人员
半导体文档工程师,2-02-09-01,2020901,电子材料工程技术人员
热设计工程师,2-02-09-01,2020901,电子材料工程技术人员
半导体设备工程师,2-02-09-02,2020902,电子元器件工程技术人员
SMT工程师,2-02-09-02,2020902,电子元器件工程技术人员
半导体测试工程师,2-02-09-02,2020902,电子元器件工程技术人员
半导体器件工程师,2-02-09-02,2020902,电子元器件工程技术人员
半导体技术,2-02-09-02,2020902,电子元器件工程技术人员
电路设计,2-02-09-02,2020902,电子元器件工程技术人员
电子元器件工程师,2-02-09-02,2020902,电子元器件工程技术人员
MEMS工程师,2-02-09-02,2020902,电子元器件工程技术人员
医疗产品技术支持,2-02-09-04,2020904,电子仪器与电子测量工程技术人员
仪器/仪表/计量分析师,2-02-09-04,2020904,电子仪器与电子测量工程技术人员
激光/光电子技术,2-02-09-04,2020904,电子仪器与电子测量工程技术人员
光学工程师,2-02-09-04,2020904,电子仪器与电子测量工程技术人员
无线通信工程师,2-02-10-01,2021001,通信工程技术人员S
通信技术工程师,2-02-10-01,2021001,通信工程技术人员S
射频工程师,2-02-10-01,2021001,通信工程技术人员S
通信销售工程师,2-02-10-01,2021001,通信工程技术人员S
通信测试工程师,2-02-10-01,2021001,通信工程技术人员S
通信产品经理/产品工程师,2-02-10-01,2021001,通信工程技术人员S
光通信工程师,2-02-10-01,2021001,通信工程技术人员S
通信项目经理,2-02-10-01,2021001,通信工程技术人员S
无线/射频通信工程师,2-02-10-01,2021001,通信工程技术人员S
核心网工程师,2-02-10-01,2021001,通信工程技术人员S
通信文档工程师,2-02-10-01,2021001,通信工程技术人员S
移动通信工程师,2-02-10-01,2021001,通信工程技术人员S
基站工程师,2-02-10-01,2021001,通信工程技术人员S
电信网络工程师,2-02-10-01,2021001,通信工程技术人员S
通信研发工程师,2-02-10-01,2021001,通信工程技术人员S
通信电源工程师,2-02-10-01,2021001,通信工程技术人员S
通信设备工程师,2-02-10-01,2021001,通信工程技术人员S
数据通信工程师,2-02-10-01,2021001,通信工程技术人员S
通信标准化工程师,2-02-10-01,2021001,通信工程技术人员S
通信网络工程师,2-02-10-01,2021001,通信工程技术人员S
电信交换工程师,2-02-10-01,2021001,通信工程技术人员S
高级硬件工程师,2-02-10-02,2021002,计算机硬件工程技术人员
硬件测试工程师,2-02-10-02,2021002,计算机硬件工程技术人员
嵌入式硬件开发(主板机等),2-02-10-02,2021002,计算机硬件工程技术人员
硬件测试,2-02-10-02,2021002,计算机硬件工程技术人员
硬件产品经理,2-02-10-02,2021002,计算机硬件工程技术人员
硬件工程师,2-02-10-02,2021002,计算机硬件工程技术人员
Golang,2-02-10-03,2021003,计算机软件工程技术人员S
其他后端开发,2-02-10-03,2021003,计算机软件工程技术人员S
配置管理工程师,2-02-10-03,2021003,计算机软件工程技术人员S
游戏客户端开发工程师,2-02-10-03,2021003,计算机软件工程技术人员S
Java,2-02-10-03,2021003,计算机软件工程技术人员S
搜索算法,2-02-10-03,2021003,计算机软件工程技术人员S
架构师,2-02-10-03,2021003,计算机软件工程技术人员S
游戏服务端开发工程师,2-02-10-03,2021003,计算机软件工程技术人员S
IOS,2-02-10-03,2021003,计算机软件工程技术人员S
C/C++,2-02-10-03,2021003,计算机软件工程技术人员S
JavaScript,2-02-10-03,2021003,计算机软件工程技术人员S
算法工程师,2-02-10-03,2021003,计算机软件工程技术人员S
PHP,2-02-10-03,2021003,计算机软件工程技术人员S
语音识别工程师,2-02-10-03,2021003,计算机软件工程技术人员S
全栈工程师,2-02-10-03,2021003,计算机软件工程技术人员S
Java开发,2-02-10-03,2021003,计算机软件工程技术人员S
语音/视频/图形开发,2-02-10-03,2021003,计算机软件工程技术人员S
C#,2-02-10-03,2021003,计算机软件工程技术人员S
电子软件开发(ARM/MCU等),2-02-10-03,2021003,计算机软件工程技术人员S
U3D,2-02-10-03,2021003,计算机软件工程技术人员S
Node.js,2-02-10-03,2021003,计算机软件工程技术人员S
.NET,2-02-10-03,2021003,计算机软件工程技术人员S
Python,2-02-10-03,2021003,计算机软件工程技术人员S
软件工程师,2-02-10-03,2021003,计算机软件工程技术人员S
java,2-02-10-03,2021003,计算机软件工程技术人员S
驱动开发工程师,2-02-10-03,2021003,计算机软件工程技术人员S
网络工程师,2-02-10-04,2021004,计算机网络工程技术人员S
实施顾问,2-02-10-05,2021005,信息系统分析工程技术人员S
系统工程师,2-02-10-05,2021005,信息系统分析工程技术人员S
实施工程师,2-02-10-05,2021005,信息系统分析工程技术人员S
ERP实施顾问,2-02-10-05,2021005,信息系统分析工程技术人员S
嵌入式软件工程师,2-02-10-06,2021006,嵌入式系统设计工程技术人员S
单片机,2-02-10-06,2021006,嵌入式系统设计工程技术人员S
DSP开发,2-02-10-06,2021006,嵌入式系统设计工程技术人员S
系统集成工程师,2-02-10-06,2021006,嵌入式系统设计工程技术人员S
附件系统工程师,2-02-10-06,2021006,嵌入式系统设计工程技术人员S
嵌入式软件开发(Linux/单片机/PLC/DSP等),2-02-10-06,2021006,嵌入式系统设计工程技术人员S
系统策划,2-02-10-06,2021006,嵌入式系统设计工程技术人员S
系统集成,2-02-10-06,2021006,嵌入式系统设计工程技术人员S
安防系统工程师,2-02-10-07,2021007,信息安全工程技术人员S
网络安全,2-02-10-07,2021007,信息安全工程技术人员S
风控,2-02-10-07,2021007,信息安全工程技术人员S
网络安全工程师,2-02-10-07,2021007,信息安全工程技术人员S
网络工程师(IT工程师),2-02-10-08,2021008,信息系统运行维护工程技术人员S
IT技术支持,2-02-10-08,2021008,信息系统运行维护工程技术人员S
IT咨询顾问,2-02-10-08,2021008,信息系统运行维护工程技术人员S
运维开发,2-02-10-08,2021008,信息系统运行维护工程技术人员S
运维总监,2-02-10-08,2021008,信息系统运行维护工程技术人员S
IT经理/IT主管,2-02-10-08,2021008,信息系统运行维护工程技术人员S
运维工程师,2-02-10-08,2021008,信息系统运行维护工程技术人员S
运维开发工程师,2-02-10-08,2021008,信息系统运行维护工程技术人员S
电气工程师/技术员,2-02-11-00,2021100,电气工程技术人员
电气工程师,2-02-11-00,2021100,电气工程技术人员
建筑机电工程师,2-02-11-01,2021101,电工电器工程技术人员
新能源电池工程师,2-02-11-01,2021101,电工电器工程技术人员
机电工程师,2-02-11-01,2021101,电工电器工程技术人员
电池工程师,2-02-11-01,2021101,电工电器工程技术人员
变压器与磁电工程师,2-02-11-01,2021101,电工电器工程技术人员
建筑机电设计,2-02-11-01,2021101,电工电器工程技术人员
电池/电源开发,2-02-11-01,2021101,电工电器工程技术人员
电气设计工程师,2-02-11-01,2021101,电工电器工程技术人员
新能源电控工程师,2-02-11-01,2021101,电工电器工程技术人员
电气/电器工程师,2-02-11-01,2021101,电工电器工程技术人员
电机工程师,2-02-11-01,2021101,电工电器工程技术人员
光网络工程师,2-02-11-02,2021102,电缆光缆工程技术人员
线束设计,2-02-11-02,2021102,电缆光缆工程技术人员
光源与照明工程,2-02-11-03,2021103,光源与照明工程技术人员
电力工程师,2-02-12-00,2021200,电力工程技术人员
风电运维工程师,2-02-12-01,2021201,发电工程技术人员L
光伏系统工程师,2-02-12-01,2021201,发电工程技术人员L
智能驾驶测试工程师,2-02-15-01,2021501,汽车运用工程技术人员
智能驾驶工程师,2-02-15-01,2021501,汽车运用工程技术人员
飞机维修机械师,2-02-16-01,2021601,民用航空器维修与适航工程技术人员
建筑工程师,2-02-18-00,2021800,建筑工程技术人员
高级建筑工程师/总工,2-02-18-00,2021800,建筑工程技术人员
结构工程师,2-02-18-01,2021801,建筑和市政设计工程技术人员L
市政工程师,2-02-18-01,2021801,建筑和市政设计工程技术人员L
建筑设计师,2-02-18-01,2021801,建筑和市政设计工程技术人员L
钢结构设计,2-02-18-02,2021802,土木建筑工程技术人员
土木/土建/结构工程师,2-02-18-02,2021802,土木建筑工程技术人员
土建工程师,2-02-18-02,2021802,土木建筑工程技术人员
给排水设计,2-02-18-04,2021804,供水排水工程技术人员L
给排水工程师,2-02-18-04,2021804,供水排水工程技术人员L
给排水/暖通工程,2-02-18-04,2021804,供水排水工程技术人员L
岩土工程,2-02-18-05,2021805,工程勘察与岩土工程技术人员S
热能工程师,2-02-18-06,2021806,城镇燃气与供热工程技术人员L
暖通设计,2-02-18-06,2021806,城镇燃气与供热工程技术人员L
暖通,2-02-18-06,2021806,城镇燃气与供热工程技术人员L
暖通工程师,2-02-18-06,2021806,城镇燃气与供热工程技术人员L
公路/桥梁/港口/隧道工程,2-02-18-08,2021808,道路与桥隧工程技术人员
水利/水电工程师,2-02-18-12,2021812,水利水电建筑工程技术人员
材料工程师,2-02-19-00,2021900,建材工程技术人员
水利工程师,2-02-21-03,2022103,水利工程管理工程技术人员
服装/纺织/皮革工艺师,2-02-23-01,2022301,纺织工程技术人员
面料辅料开发,2-02-23-04,2022304,非织造工程技术人员
食品/饮料研发,2-02-24-00,2022400,食品工程技术人员
环保工程师,2-02-27-00,2022700,环境保护工程技术人员
生态治理/规划,2-02-27-02,2022702,环境污染防治工程技术人员L
水处理工程师,2-02-27-02,2022702,环境污染防治工程技术人员L
废气处理工程师,2-02-27-02,2022702,环境污染防治工程技术人员L
环评工程师,2-02-27-03,2022703,环境影响评价工程技术人员L
环境影响评价工程师,2-02-27-03,2022703,环境影响评价工程技术人员L
EHS工程师,2-02-28-00,2022800,安全工程技术人员
EHS安全工程师,2-02-28-00,2022800,安全工程技术人员
EHS安全经理/主管,2-02-28-00,2022800,安全工程技术人员
汽车安全性能工程师,2-02-28-00,2022800,安全工程技术人员
风控算法,2-02-28-01,2022801,安全技术防范工程技术人员
消防工程师,2-02-28-02,2022802,消防工程技术人员
安全评价师,2-02-28-04,2022804,安全评价工程技术人员
计量工程师,2-02-29-02,2022902,计量工程技术人员
质量工程师,2-02-29-03,2022903,质量管理工程技术人员
前期质量工程师,2-02-29-03,2022903,质量管理工程技术人员
质量/品质主管,2-02-29-03,2022903,质量管理工程技术人员
药品生产/质量管理,2-02-29-03,2022903,质量管理工程技术人员
客户质量工程师,2-02-29-03,2022903,质量管理工程技术人员
过程质量工程师,2-02-29-03,2022903,质量管理工程技术人员
供应商质量工程师,2-02-29-03,2022903,质量管理工程技术人员
质量/品质经理,2-02-29-03,2022903,质量管理工程技术人员
体系审核员,2-02-29-04,2022904,质量认证认可工程技术人员
体系认证审核员,2-02-29-04,2022904,质量认证认可工程技术人员
认证工程师,2-02-29-04,2022904,质量认证认可工程技术人员
产品认证工程师,2-02-29-04,2022904,质量认证认可工程技术人员
体系工程师,2-02-29-04,2022904,质量认证认可工程技术人员
失效分析工程师(FA),2-02-29-05,2022905,可靠性工程技术人员
故障分析工程师,2-02-29-05,2022905,可靠性工程技术人员
失效分析工程师,2-02-29-05,2022905,可靠性工程技术人员
可靠度工程师,2-02-29-05,2022905,可靠性工程技术人员
DFT工程师 ,2-02-29-05,2022905,可靠性工程技术人员
可测性设计工程师(DFT),2-02-29-05,2022905,可靠性工程技术人员
工艺整合工程师(PIE),2-02-30-00,2023000,管理（工业）工程技术人员
生产经理/车间主任,2-02-30-01,2023001,工业工程技术人员
营运经理,2-02-30-01,2023001,工业工程技术人员
生产领班/组长,2-02-30-01,2023001,工业工程技术人员
生产主管,2-02-30-01,2023001,工业工程技术人员
工业工程师（IE）,2-02-30-01,2023001,工业工程技术人员
物料专员,2-02-30-01,2023001,工业工程技术人员
生产计划/物料管理(PMC),2-02-30-01,2023001,工业工程技术人员
物料主管,2-02-30-01,2023001,工业工程技术人员
物料经理,2-02-30-01,2023001,工业工程技术人员
车间主任,2-02-30-01,2023001,工业工程技术人员
技术经理,2-02-30-01,2023001,工业工程技术人员
工艺工程师,2-02-30-01,2023001,工业工程技术人员
生产组长/拉长,2-02-30-01,2023001,工业工程技术人员
工业工程师,2-02-30-01,2023001,工业工程技术人员
生产计划/物料管理（PMC）,2-02-30-01,2023001,工业工程技术人员
工艺/制程工程师,2-02-30-01,2023001,工业工程技术人员
生产总监,2-02-30-01,2023001,工业工程技术人员
工长,2-02-30-01,2023001,工业工程技术人员
物流/仓储项目经理,2-02-30-02,2023002,物流工程技术人员L/S
管理培训生,2-02-30-03,2023003,战略规划与管理工程技术人员
策略发展总监,2-02-30-03,2023003,战略规划与管理工程技术人员
项目总监,2-02-30-04,2023004,项目管理工程技术人员
建筑项目助理,2-02-30-04,2023004,项目管理工程技术人员
项目主管,2-02-30-04,2023004,项目管理工程技术人员
项目工程师,2-02-30-04,2023004,项目管理工程技术人员
装修项目经理,2-02-30-04,2023004,项目管理工程技术人员
项目助理,2-02-30-04,2023004,项目管理工程技术人员
项目经理,2-02-30-04,2023004,项目管理工程技术人员
项目经理/主管,2-02-30-04,2023004,项目管理工程技术人员
项目申报专员,2-02-30-04,2023004,项目管理工程技术人员
项目执行/协调人员,2-02-30-04,2023004,项目管理工程技术人员
项目专员,2-02-30-04,2023004,项目管理工程技术人员
需求分析工程师,2-02-30-04,2023004,项目管理工程技术人员
临床项目经理,2-02-30-04,2023004,项目管理工程技术人员
硬件项目经理,2-02-30-04,2023004,项目管理工程技术人员
机械项目管理,2-02-30-04,2023004,项目管理工程技术人员
建筑工程管理/项目经理,2-02-30-04,2023004,项目管理工程技术人员
建筑施工项目经理,2-02-30-07,2023007,监理工程技术人员
工程监理,2-02-30-07,2023007,监理工程技术人员
建筑工程验收,2-02-30-07,2023007,监理工程技术人员
数据采集,2-02-30-09,2023009,数据分析处理工程技术人员S
ETL工程师,2-02-30-09,2023009,数据分析处理工程技术人员S
数据采集工程师,2-02-30-09,2023009,数据分析处理工程技术人员S
ETL开发工程师,2-02-30-09,2023009,数据分析处理工程技术人员S
造价员,2-02-30-10,2023010,工程造价工程技术人员
成本会计,2-02-30-10,2023010,工程造价工程技术人员
预算员,2-02-30-10,2023010,工程造价工程技术人员
工程预算,2-02-30-10,2023010,工程造价工程技术人员
成本管理员,2-02-30-10,2023010,工程造价工程技术人员
成本经理/成本主管,2-02-30-10,2023010,工程造价工程技术人员
工程造价/预结算,2-02-30-10,2023010,工程造价工程技术人员
销售工程师,2-02-30-10,2023010,工程造价工程技术人员
工程造价,2-02-30-10,2023010,工程造价工程技术人员
建筑/工程会计,2-02-30-10,2023010,工程造价工程技术人员
测试工程师,2-02-31-01,2023101,产品质量检验工程技术人员
药品注册,2-02-32-01,2023201,制药工程技术人员
制剂研发,2-02-32-01,2023201,制药工程技术人员
医药研发,2-02-32-01,2023201,制药工程技术人员
生物工程/生物制药,2-02-32-02,2023202,生物工程技术人员
动物实验技术员,2-02-32-02,2023202,生物工程技术人员
试剂研发,2-02-32-02,2023202,生物工程技术人员
细胞培养员,2-02-32-02,2023202,生物工程技术人员
制剂研究员,2-02-32-02,2023202,生物工程技术人员
生物信息工程师,2-02-32-02,2023202,生物工程技术人员
细胞培养技术员,2-02-32-02,2023202,生物工程技术人员
工业设计/产品设计,2-02-34-00,2023400,工业（产品）设计工程技术人员
平台产品经理,2-02-34-01,2023401,产品设计工程技术人员
产品专员/助理,2-02-34-01,2023401,产品设计工程技术人员
商品经理,2-02-34-01,2023401,产品设计工程技术人员
产品VP,2-02-34-01,2023401,产品设计工程技术人员
高级产品总监/产品总监,2-02-34-01,2023401,产品设计工程技术人员
芯片产品经理,2-02-34-01,2023401,产品设计工程技术人员
亚马逊产品开发,2-02-34-01,2023401,产品设计工程技术人员
数据产品经理,2-02-34-01,2023401,产品设计工程技术人员
新零售产品,2-02-34-01,2023401,产品设计工程技术人员
半导体产品经理/产品工程师,2-02-34-01,2023401,产品设计工程技术人员
化妆品产品经理,2-02-34-01,2023401,产品设计工程技术人员
互联网设计总监,2-02-34-01,2023401,产品设计工程技术人员
用户产品经理,2-02-34-01,2023401,产品设计工程技术人员
高级产品管理岗,2-02-34-01,2023401,产品设计工程技术人员
UX设计师,2-02-34-01,2023401,产品设计工程技术人员
产品经理/主管,2-02-34-01,2023401,产品设计工程技术人员
策略产品经理,2-02-34-01,2023401,产品设计工程技术人员
产品助理,2-02-34-01,2023401,产品设计工程技术人员
其他产品职位,2-02-34-01,2023401,产品设计工程技术人员
智能硬件产品经理,2-02-34-01,2023401,产品设计工程技术人员
用户体验(UE/UX)设计师,2-02-34-01,2023401,产品设计工程技术人员
互联网设计经理/主管,2-02-34-01,2023401,产品设计工程技术人员
AR/VR产品经理,2-02-34-01,2023401,产品设计工程技术人员
医药产品经理,2-02-34-01,2023401,产品设计工程技术人员
移动产品经理,2-02-34-01,2023401,产品设计工程技术人员
商业化产品经理,2-02-34-01,2023401,产品设计工程技术人员
产品专员,2-02-34-01,2023401,产品设计工程技术人员
产品经理,2-02-34-01,2023401,产品设计工程技术人员
家用电器/数码产品研发,2-02-34-02,2023402,工业设计工程技术人员S
工业设计,2-02-34-02,2023402,工业设计工程技术人员S
电子产品经理/产品工程师,2-02-34-02,2023402,工业设计工程技术人员S
造纸研发,2-02-36-01,2023601,制浆造纸工程技术人员
化工技术应用/化工工程师,2-02-36-04,2023604,日用化工工程技术人员
化工项目经理,2-02-36-04,2023604,日用化工工程技术人员
有机合成研究员,2-02-36-04,2023604,日用化工工程技术人员
塑料工程师,2-02-36-05,2023605,塑料加工工程技术人员
城市规划设计,2-02-37-02,2023702,城乡规划工程技术人员L
规划与设计,2-02-37-02,2023702,城乡规划工程技术人员L
大模型算法,2-02-38-01,2023801,人工智能工程技术人员S
语音算法,2-02-38-01,2023801,人工智能工程技术人员S
搜索算法工程师,2-02-38-01,2023801,人工智能工程技术人员S
自然语言处理算法,2-02-38-01,2023801,人工智能工程技术人员S
深度学习工程师,2-02-38-01,2023801,人工智能工程技术人员S
人工智能,2-02-38-01,2023801,人工智能工程技术人员S
机器学习工程师,2-02-38-01,2023801,人工智能工程技术人员S
图像算法,2-02-38-01,2023801,人工智能工程技术人员S
AI产品经理,2-02-38-01,2023801,人工智能工程技术人员S
自然语言处理(NLP),2-02-38-01,2023801,人工智能工程技术人员S
机器视觉工程师,2-02-38-01,2023801,人工智能工程技术人员S
算法研究员,2-02-38-01,2023801,人工智能工程技术人员S
深度学习,2-02-38-01,2023801,人工智能工程技术人员S
IoT产品经理,2-02-38-02,2023802,物联网工程技术人员S
爬虫工程师,2-02-38-03,2023803,大数据工程技术人员S
数据库工程师(DBA),2-02-38-03,2023803,大数据工程技术人员S
数据架构师,2-02-38-03,2023803,大数据工程技术人员S
推荐算法,2-02-38-03,2023803,大数据工程技术人员S
数据挖掘,2-02-38-03,2023803,大数据工程技术人员S
数据架构,2-02-38-03,2023803,大数据工程技术人员S
数据仓库工程师,2-02-38-03,2023803,大数据工程技术人员S
数据开发,2-02-38-03,2023803,大数据工程技术人员S
数据仓库,2-02-38-03,2023803,大数据工程技术人员S
数据治理工程师,2-02-38-03,2023803,大数据工程技术人员S
数据建模工程师,2-02-38-03,2023803,大数据工程技术人员S
Hadoop,2-02-38-03,2023803,大数据工程技术人员S
推荐算法工程师,2-02-38-03,2023803,大数据工程技术人员S
仿真应用工程师,2-02-38-05,2023805,智能制造工程技术人员S
车联网工程师,2-02-38-06,2023806,工业互联网工程技术人员S
区块链,2-02-38-08,2023808,区块链工程技术人员S
区块链工程师,2-02-38-08,2023808,区块链工程技术人员S
区块链开发,2-02-38-08,2023808,区块链工程技术人员S
模拟版图设计工程师,2-02-38-09,2023809,集成电路工程技术人员S
模拟芯片工程师,2-02-38-09,2023809,集成电路工程技术人员S
ARM开发,2-02-38-09,2023809,集成电路工程技术人员S
模拟IC设计工程师,2-02-38-09,2023809,集成电路工程技术人员S
芯片架构工程师,2-02-38-09,2023809,集成电路工程技术人员S
IC验证工程师,2-02-38-09,2023809,集成电路工程技术人员S
EDA工程师,2-02-38-09,2023809,集成电路工程技术人员S
芯片测试工程师,2-02-38-09,2023809,集成电路工程技术人员S
FPGA开发工程师,2-02-38-09,2023809,集成电路工程技术人员S
数字IC验证工程师,2-02-38-09,2023809,集成电路工程技术人员S
PCB工程师,2-02-38-09,2023809,集成电路工程技术人员S
数字前端工程师,2-02-38-09,2023809,集成电路工程技术人员S
FPGA原型验证工程师,2-02-38-09,2023809,集成电路工程技术人员S
数字前端设计师,2-02-38-09,2023809,集成电路工程技术人员S
封装工程师,2-02-38-09,2023809,集成电路工程技术人员S
数字后端工程师,2-02-38-09,2023809,集成电路工程技术人员S
射频芯片设计,2-02-38-09,2023809,集成电路工程技术人员S
封装研发工程师,2-02-38-09,2023809,集成电路工程技术人员S
集成电路IC设计/应用工程师,2-02-38-09,2023809,集成电路工程技术人员S
模拟版图工程师,2-02-38-09,2023809,集成电路工程技术人员S
集成电路IC设计,2-02-38-09,2023809,集成电路工程技术人员S
电路工程师/技术员(模拟/数字),2-02-38-09,2023809,集成电路工程技术人员S
FPGA开发,2-02-38-09,2023809,集成电路工程技术人员S
芯片销售工程师,2-02-38-09,2023809,集成电路工程技术人员S
版图设计工程师,2-02-38-09,2023809,集成电路工程技术人员S
机器人调试工程师,2-02-38-10,2023810,机器人工程技术人员S
农业/林业技术员,2-03-02-00,2030200,农业技术指导人员
畜牧兽医,2-03-06-01,2030601,兽医
兽医,2-03-06-01,2030601,兽医
宠物医生,2-03-06-03,2030603,宠物医师
宠物医生助理,2-03-06-03,2030603,宠物医师
动物营养/饲料研发,2-03-07-01,2030701,畜牧技术人员
禽畜/水产养殖技术员,2-03-08-01,2030801,水产养殖技术人员
飞机机长/副机长,2-04-01-01,2040101,飞行驾驶员
专科医生,2-05-01-00,2050100,临床和口腔医师
其他医生职位,2-05-01-00,2050100,临床和口腔医师
医生助理,2-05-01-01,2050101,内科医师
内科医生,2-05-01-01,2050101,内科医师
医美,2-05-01-02,2050102,外科医师
外科医生,2-05-01-02,2050102,外科医师
整形医生,2-05-01-02,2050102,外科医师
幼儿园保健医,2-05-01-03,2050103,儿科医师
儿科医生,2-05-01-03,2050103,儿科医师
妇产科医生,2-05-01-04,2050104,妇产科医师
眼科医生,2-05-01-05,2050105,眼科医师
耳鼻喉科医生,2-05-01-06,2050106,耳鼻咽喉科医师
牙科医生,2-05-01-07,2050107,口腔科医师
口腔咨询师,2-05-01-07,2050107,口腔科医师
口腔科医生,2-05-01-07,2050107,口腔科医师
皮肤科医生,2-05-01-08,2050108,皮肤科医师
精神心理科医生,2-05-01-09,2050109,精神科医师
麻醉医生,2-05-01-13,2050113,麻醉科医师
麻醉科医生,2-05-01-13,2050113,麻醉科医师
病理科医生,2-05-01-14,2050114,病理科医师
检验科医师,2-05-01-14,2050114,病理科医师
放射科医生,2-05-01-15,2050115,放射科医师
超声影像/放射科医师,2-05-01-15,2050115,放射科医师
超声科医生,2-05-01-17,2050117,超声科医师
全科医生,2-05-01-19,2050119,全科医师
综合门诊/全科医生,2-05-01-19,2050119,全科医师
临床医学总监,2-05-01-24,2050124,临床检验科医师
临床协调员,2-05-01-24,2050124,临床检验科医师
中医科医生,2-05-02-00,2050200,中医医师
中医,2-05-02-00,2050200,中医医师
公共卫生/疾病控制,2-05-05-00,2050500,公共卫生与健康医师
药店店长,2-05-06-01,2050601,药师
执业药师/驻店药师,2-05-06-01,2050601,药师
药剂师,2-05-06-01,2050601,药师
药店店员,2-05-06-01,2050601,药师
药库主任/药剂师,2-05-06-01,2050601,药师
临床数据分析,2-05-07-04,2050704,临床检验技师
临床数据分析员,2-05-07-04,2050704,临床检验技师
医学检验,2-05-07-04,2050704,临床检验技师
临床监查员,2-05-07-04,2050704,临床检验技师
护士,2-05-08-00,2050800,护理人员
护士长,2-05-08-01,2050801,内科护士
护士/护理人员,2-05-08-01,2050801,内科护士
护理主任/护士长,2-05-08-01,2050801,内科护士
融资顾问,2-06-01-01,2060101,经济规划专业人员
融资专员,2-06-01-01,2060101,经济规划专业人员
其他投融资职位,2-06-01-01,2060101,经济规划专业人员
融资经理/融资主管,2-06-01-01,2060101,经济规划专业人员
投资总监VP,2-06-01-01,2060101,经济规划专业人员
资金专员,2-06-01-01,2060101,经济规划专业人员
融资,2-06-01-01,2060101,经济规划专业人员
融资总监,2-06-01-01,2060101,经济规划专业人员
财务顾问,2-06-03-00,2060300,会计专业人员
结算会计,2-06-03-00,2060300,会计专业人员
财务分析员,2-06-03-00,2060300,会计专业人员
固定资产会计,2-06-03-00,2060300,会计专业人员
会计经理/主管,2-06-03-00,2060300,会计专业人员
财务分析/财务BP,2-06-03-00,2060300,会计专业人员
总账会计,2-06-03-00,2060300,会计专业人员
财务专员,2-06-03-00,2060300,会计专业人员
会计师,2-06-03-00,2060300,会计专业人员
财务经理,2-06-03-00,2060300,会计专业人员
财务分析经理/主管,2-06-03-00,2060300,会计专业人员
结算,2-06-03-00,2060300,会计专业人员
注册会计师,2-06-03-00,2060300,会计专业人员
财务主管,2-06-03-00,2060300,会计专业人员
财务分析,2-06-03-00,2060300,会计专业人员
高级财务总监/财务总监,2-06-03-00,2060300,会计专业人员
会计,2-06-03-00,2060300,会计专业人员
财务总监/VP,2-06-03-00,2060300,会计专业人员
财务经理/主管,2-06-03-00,2060300,会计专业人员
出纳,2-06-03-00,2060300,会计专业人员
资金经理/主管,2-06-03-00,2060300,会计专业人员
审计,2-06-04-00,2060400,审计专业人员
审计专员/助理,2-06-04-00,2060400,审计专业人员
审计经理/主管,2-06-04-00,2060400,审计专业人员
税务外勤会计,2-06-05-00,2060500,涉税服务专业人员
税务专员/助理,2-06-05-00,2060500,涉税服务专业人员
税务经理/主管,2-06-05-00,2060500,涉税服务专业人员
税务,2-06-05-00,2060500,涉税服务专业人员
资产评估/分析,2-06-06-01,2060601,资产评估专业人员
资产评估,2-06-06-01,2060601,资产评估专业人员
房产评估师,2-06-06-02,2060602,房地产估价专业人员
房地产投资分析,2-06-06-02,2060602,房地产估价专业人员
房地产评估,2-06-06-02,2060602,房地产估价专业人员
商务主管,2-06-07-00,2060700,商务专业人员
外贸经理,2-06-07-01,2060701,国际商务专业人员
外贸业务员,2-06-07-01,2060701,国际商务专业人员
贸易/外贸经理/主管,2-06-07-01,2060701,国际商务专业人员
进出口/信用证结算,2-06-07-01,2060701,国际商务专业人员
外贸英语,2-06-07-01,2060701,国际商务专业人员
外贸,2-06-07-01,2060701,国际商务专业人员
外贸日语,2-06-07-01,2060701,国际商务专业人员
外贸助理,2-06-07-01,2060701,国际商务专业人员
外贸销售,2-06-07-01,2060701,国际商务专业人员
易类职位,2-06-07-01,2060701,国际商务专业人员
海外市场,2-06-07-01,2060701,国际商务专业人员
贸易/外贸专员/助理,2-06-07-01,2060701,国际商务专业人员
渠道/分销经理,2-06-07-02,2060702,市场营销专业人员
城市经理,2-06-07-02,2060702,市场营销专业人员
电子销售工程师,2-06-07-02,2060702,市场营销专业人员
企业/业务发展经理,2-06-07-02,2060702,市场营销专业人员
区域销售主管,2-06-07-02,2060702,市场营销专业人员
销售总监,2-06-07-02,2060702,市场营销专业人员
销售经理,2-06-07-02,2060702,市场营销专业人员
区域销售经理,2-06-07-02,2060702,市场营销专业人员
医药销售经理/主管,2-06-07-02,2060702,市场营销专业人员
公司业务部门经理/主管,2-06-07-02,2060702,市场营销专业人员
区域销售总监,2-06-07-02,2060702,市场营销专业人员
市场总监,2-06-07-02,2060702,市场营销专业人员
渠道/分销总监,2-06-07-02,2060702,市场营销专业人员
BD经理,2-06-07-02,2060702,市场营销专业人员
市场/营销/拓展经理,2-06-07-02,2060702,市场营销专业人员
营业部总经理/副总经理,2-06-07-02,2060702,市场营销专业人员
媒介经理/总监,2-06-07-02,2060702,市场营销专业人员
用户研究经理,2-06-07-02,2060702,市场营销专业人员
业务拓展经理/主管,2-06-07-02,2060702,市场营销专业人员
市场/营销/拓展主管,2-06-07-02,2060702,市场营销专业人员
市场/营销/拓展总监,2-06-07-02,2060702,市场营销专业人员
团购经理/主管,2-06-07-02,2060702,市场营销专业人员
用户研究总监,2-06-07-02,2060702,市场营销专业人员
销售技术支持,2-06-07-02,2060702,市场营销专业人员
市场企划经理/主管,2-06-07-03,2060703,商务策划专业人员
运营经理/主管,2-06-07-03,2060703,商务策划专业人员
策划经理,2-06-07-03,2060703,商务策划专业人员
商务总监,2-06-07-03,2060703,商务策划专业人员
运营经理,2-06-07-03,2060703,商务策划专业人员
商务经理,2-06-07-03,2060703,商务策划专业人员
企业策划人员,2-06-07-03,2060703,商务策划专业人员
品牌经理,2-06-07-04,2060704,品牌专业人员
品牌公关,2-06-07-04,2060704,品牌专业人员
品牌主管,2-06-07-04,2060704,品牌专业人员
品牌专员,2-06-07-04,2060704,品牌专业人员
广告/会展项目经理,2-06-07-05,2060705,会展策划专业人员
会务/会展策划,2-06-07-05,2060705,会展策划专业人员
会务/会展主管,2-06-07-05,2060705,会展策划专业人员
房产项目配套工程师,2-06-07-06,2060706,房地产开发专业人员
地产项目总监,2-06-07-06,2060706,房地产开发专业人员
房地产开发,2-06-07-06,2060706,房地产开发专业人员
医药学术推广,2-06-07-07,2060707,医药代表
医务管理,2-06-07-07,2060707,医药代表
医疗器械销售代表,2-06-07-07,2060707,医药代表
医药代表,2-06-07-07,2060707,医药代表
医药招商,2-06-07-07,2060707,医药代表
管理咨询师,2-06-07-08,2060708,管理咨询专业人员
其他咨询顾问,2-06-07-08,2060708,管理咨询专业人员
咨询总监,2-06-07-08,2060708,管理咨询专业人员
专业顾问,2-06-07-08,2060708,管理咨询专业人员
咨询经理,2-06-07-08,2060708,管理咨询专业人员
战略咨询,2-06-07-08,2060708,管理咨询专业人员
咨询项目管理,2-06-07-08,2060708,管理咨询专业人员
企业管理咨询,2-06-07-08,2060708,管理咨询专业人员
高级物业顾问/物业顾问,2-06-07-10,2060710,物业经营管理专业人员
报关/报检员,2-06-07-12,2060712,报关人员
海关事务管理,2-06-07-12,2060712,报关人员
报关与报检,2-06-07-12,2060712,报关人员
报检报关,2-06-07-12,2060712,报关人员
开发报建,2-06-07-14,2060714,企业合规师
企业党建,2-06-07-14,2060714,企业合规师
合规经理,2-06-07-14,2060714,企业合规师
合规专员,2-06-07-14,2060714,企业合规师
合规稽查,2-06-07-14,2060714,企业合规师
合规主管,2-06-07-14,2060714,企业合规师
政府关系,2-06-07-14,2060714,企业合规师
企业贸易合规师,2-06-07-14,2060714,企业合规师
合同管理,2-06-07-14,2060714,企业合规师
采购经理/主管,2-06-07-15,2060715,招标采购专业人员
采购工程师,2-06-07-15,2060715,招标采购专业人员
招标专员,2-06-07-15,2060715,招标采购专业人员
地产招投标,2-06-07-15,2060715,招标采购专业人员
地产招投标总监,2-06-07-15,2060715,招标采购专业人员
房地产项目招投标,2-06-07-15,2060715,招标采购专业人员
投标专员,2-06-07-15,2060715,招标采购专业人员
招投标管理,2-06-07-15,2060715,招标采购专业人员
人力资源总监,2-06-08-01,2060801,人力资源管理专业人员
人力资源主管,2-06-08-01,2060801,人力资源管理专业人员
人事经理,2-06-08-01,2060801,人力资源管理专业人员
HRBP,2-06-08-01,2060801,人力资源管理专业人员
人力资源经理,2-06-08-01,2060801,人力资源管理专业人员
人力资源咨询顾问,2-06-08-02,2060802,人力资源服务专业人员
人力资源经理/主管,2-06-08-02,2060802,人力资源服务专业人员
行长/副行长,2-06-09-00,2060900,银行专业人员
投资银行财务分析,2-06-09-02,2060902,银行金融市场业务专业人员
清算人员,2-06-09-03,2060903,银行清算专业人员
清算,2-06-09-03,2060903,银行清算专业人员
资信评估,2-06-09-04,2060904,信贷审核专业人员
信审,2-06-09-04,2060904,信贷审核专业人员
信审核查,2-06-09-04,2060904,信贷审核专业人员
外汇交易,2-06-09-05,2060905,银行国际业务专业人员
投资银行业务,2-06-09-06,2060906,公司金融顾问
公司金融顾问,2-06-09-06,2060906,公司金融顾问
保险产品开发/项目策划,2-06-10-01,2061001,精算专业人员
精算师,2-06-10-01,2061001,精算专业人员
保险精算师,2-06-10-01,2061001,精算专业人员
保险核保,2-06-10-02,2061002,保险核保专业人员
汽车查勘定损,2-06-10-03,2061003,保险理赔专业人员
车险定损/理赔,2-06-10-03,2061003,保险理赔专业人员
查勘定损,2-06-10-03,2061003,保险理赔专业人员
金融衍生品,2-06-11-00,2061100,证券期货基金专业人员
投资者关系,2-06-11-01,2061101,证券保荐承销专业人员
行业研究员,2-06-11-02,2061102,证券交易专业人员
证券交易员,2-06-11-02,2061102,证券交易专业人员
金融研究,2-06-11-02,2061102,证券交易专业人员
证券经纪人,2-06-11-02,2061102,证券交易专业人员
证券,2-06-11-02,2061102,证券交易专业人员
行业研究,2-06-11-02,2061102,证券交易专业人员
卖方分析师,2-06-11-02,2061102,证券交易专业人员
买方分析师,2-06-11-02,2061102,证券交易专业人员
量化研究员,2-06-11-02,2061102,证券交易专业人员
权证,2-06-11-02,2061102,证券交易专业人员
量化研究,2-06-11-02,2061102,证券交易专业人员
金融/经济研究员,2-06-11-02,2061102,证券交易专业人员
投资助理,2-06-11-03,2061103,证券投资专业人员
投资者关系/证券事务代表,2-06-11-03,2061103,证券投资专业人员
投资并购,2-06-11-03,2061103,证券投资专业人员
投后管理,2-06-11-03,2061103,证券投资专业人员
投资经理,2-06-11-03,2061103,证券投资专业人员
投资顾问,2-06-11-03,2061103,证券投资专业人员
股票,2-06-11-03,2061103,证券投资专业人员
投资总监,2-06-11-03,2061103,证券投资专业人员
证券分析师,2-06-11-03,2061103,证券投资专业人员
证券投资顾问,2-06-11-03,2061103,证券投资专业人员
金融产品经理,2-06-11-04,2061104,金融产品销售专业人员
理财顾问,2-06-11-04,2061104,金融产品销售专业人员
金融产品销售,2-06-11-04,2061104,金融产品销售专业人员
互联网金融,2-06-11-04,2061104,金融产品销售专业人员
金融产品,2-06-11-04,2061104,金融产品销售专业人员
期货,2-06-11-06,2061106,期货专业人员
基金经理,2-06-11-07,2061107,基金专业人员
基金,2-06-11-07,2061107,基金专业人员
知识产权律师,2-06-12-00,2061200,知识产权专业人员
专利律师,2-06-12-01,2061201,专利代理专业人员
知识产权/专利/商标代理人,2-06-12-01,2061201,专利代理专业人员
知识产权/专利/商标,2-06-12-03,2061203,专利管理专业人员
政策研究,2-07-00-00,2070000,监察、法律、社会和宗教专业人员
监察人员,2-07-01-00,2070100,监察人员
律师,2-07-04-00,2070400,律师
事务所律师,2-07-04-00,2070400,律师
律师合伙人,2-07-04-00,2070400,律师
律师助理,2-07-04-00,2070400,律师
民事律师,2-07-04-00,2070400,律师
诉讼律师,2-07-04-00,2070400,律师
单证员,2-07-05-00,2070500,公证员
书记员,2-07-07-00,2070700,审判辅助人员
检察官助理,2-07-08-00,2070800,检察辅助人员
法务,2-07-09-00,2070900,法律顾问
法务经理,2-07-09-00,2070900,法律顾问
法务主管,2-07-09-00,2070900,法律顾问
法务总监,2-07-09-00,2070900,法律顾问
法律顾问,2-07-09-00,2070900,法律顾问
法务经理/主管,2-07-09-00,2070900,法律顾问
法务专员/助理,2-07-09-00,2070900,法律顾问
法务专员,2-07-09-00,2070900,法律顾问
社工,2-07-11-01,2071101,社会工作者
志愿者/社会工作者,2-07-11-01,2071101,社会工作者
心理医生,2-07-11-03,2071103,心理咨询师
心理咨询师,2-07-11-03,2071103,心理咨询师
吉他教师,2-08-00-00,2080000,教学人员
化学教师,2-08-00-00,2080000,教学人员
数学老师,2-08-00-00,2080000,教学人员
音乐教师,2-08-00-00,2080000,教学人员
班主任,2-08-00-00,2080000,教学人员
物理老师,2-08-00-00,2080000,教学人员
其他外语教师,2-08-00-00,2080000,教学人员
语文老师,2-08-00-00,2080000,教学人员
英语教师,2-08-00-00,2080000,教学人员
语文教师,2-08-00-00,2080000,教学人员
日语教师,2-08-00-00,2080000,教学人员
文科教师,2-08-00-00,2080000,教学人员
兼职老师,2-08-00-00,2080000,教学人员
美术老师,2-08-00-00,2080000,教学人员
教研员,2-08-00-00,2080000,教学人员
地理教师,2-08-00-00,2080000,教学人员
物理教师,2-08-00-00,2080000,教学人员
架子鼓老师,2-08-00-00,2080000,教学人员
数学教师,2-08-00-00,2080000,教学人员
编程老师,2-08-00-00,2080000,教学人员
舞蹈老师,2-08-00-00,2080000,教学人员
表演教师,2-08-00-00,2080000,教学人员
生物教师,2-08-00-00,2080000,教学人员
其他外语老师,2-08-00-00,2080000,教学人员
教学管理,2-08-00-00,2080000,教学人员
留学考试老师(SAT/TOEFL/IELTS等),2-08-00-00,2080000,教学人员
少儿编程老师,2-08-00-00,2080000,教学人员
体育老师,2-08-00-00,2080000,教学人员
播音主持教师,2-08-00-00,2080000,教学人员
讲师/助教,2-08-00-00,2080000,教学人员
钢琴老师,2-08-00-00,2080000,教学人员
化学老师,2-08-00-00,2080000,教学人员
教研组长/主管,2-08-00-00,2080000,教学人员
围棋老师,2-08-00-00,2080000,教学人员
英语老师,2-08-00-00,2080000,教学人员
院校教务管理人员,2-08-00-00,2080000,教学人员
美术教师,2-08-00-00,2080000,教学人员
乐高教师,2-08-00-00,2080000,教学人员
音乐老师,2-08-00-00,2080000,教学人员
教师,2-08-00-00,2080000,教学人员
钢琴教师,2-08-00-00,2080000,教学人员
古筝教师,2-08-00-00,2080000,教学人员
书法教师,2-08-00-00,2080000,教学人员
理科教师,2-08-00-00,2080000,教学人员
日语老师,2-08-00-00,2080000,教学人员
大学教授,2-08-01-00,2080100,高等学校教师
职业技术教师,2-08-01-02,2080102,高等职业学校教师
高中教师,2-08-02-01,2080201,高级中学教师
初中教师,2-08-02-03,2080203,初级中学教师
小学教师,2-08-02-04,2080204,小学教师
感统训练教师,2-08-04-00,2080400,特殊教育教师
作家/撰稿人,2-09-01-01,2090101,文学作家
作者撰稿人,2-09-01-01,2090101,文学作家
编剧,2-09-01-03,2090103,剧作家
编导,2-09-01-06,2090106,导演
导演/编导,2-09-01-06,2090106,导演
艺术指导/舞台美术设计,2-09-01-08,2090108,舞美设计
演员/群众演员,2-09-02-02,2090202,电影电视演员
配音员,2-09-02-02,2090202,电影电视演员
舞蹈演员,2-09-02-04,2090204,舞蹈演员
演员配音员,2-09-02-05,2090205,曲艺演员
驻唱/歌手,2-09-02-07,2090207,歌唱演员
制片人,2-09-03-01,2090301,电影电视制片人
影视策划/制作人员,2-09-03-01,2090301,电影电视制片人
制片,2-09-03-01,2090301,电影电视制片人
影视发行,2-09-03-04,2090304,电影电视片发行人
影视策划,2-09-03-04,2090304,电影电视片发行人
剪辑师,2-09-03-06,2090306,剪辑师
视频编辑,2-09-03-06,2090306,剪辑师
剪辑,2-09-03-06,2090306,剪辑师
视频剪辑,2-09-03-06,2090306,剪辑师
灯光师,2-09-04-01,2090401,灯光师
彩妆培训师,2-09-04-04,2090404,化妆师
化妆造型师,2-09-04-04,2090404,化妆师
专柜彩妆顾问(BA),2-09-04-04,2090404,化妆师
化妆师,2-09-04-04,2090404,化妆师
漫画师,2-09-05-01,2090501,画家
绘画,2-09-05-01,2090501,画家
插画师,2-09-05-01,2090501,画家
视觉设计,2-09-06-01,2090601,视觉传达设计人员
视觉设计总监,2-09-06-01,2090601,视觉传达设计人员
视觉设计师,2-09-06-01,2090601,视觉传达设计人员
美术指导,2-09-06-01,2090601,视觉传达设计人员
动画设计,2-09-06-03,2090603,动画设计人员
动画/3D设计,2-09-06-03,2090603,动画设计人员
游戏特效,2-09-06-07,2090607,数字媒体艺术专业人员S
多媒体设计,2-09-06-07,2090607,数字媒体艺术专业人员S
游戏开发工程师,2-09-06-07,2090607,数字媒体艺术专业人员S
游戏制作人,2-09-06-07,2090607,数字媒体艺术专业人员S
游戏数值策划,2-09-06-07,2090607,数字媒体艺术专业人员S
游戏动画师,2-09-06-07,2090607,数字媒体艺术专业人员S
游戏系统策划,2-09-06-07,2090607,数字媒体艺术专业人员S
UI设计师,2-09-06-07,2090607,数字媒体艺术专业人员S
游戏主美术,2-09-06-07,2090607,数字媒体艺术专业人员S
cocos,2-09-06-07,2090607,数字媒体艺术专业人员S
游戏动作设计师,2-09-06-07,2090607,数字媒体艺术专业人员S
Cocos,2-09-06-07,2090607,数字媒体艺术专业人员S
游戏策划,2-09-06-07,2090607,数字媒体艺术专业人员S
Flash设计师,2-09-06-07,2090607,数字媒体艺术专业人员S
游戏文案策划/剧情策划,2-09-06-07,2090607,数字媒体艺术专业人员S
游戏场景,2-09-06-07,2090607,数字媒体艺术专业人员S
游戏角色设计师,2-09-06-07,2090607,数字媒体艺术专业人员S
3D设计师,2-09-06-07,2090607,数字媒体艺术专业人员S
游戏界面设计师,2-09-06-07,2090607,数字媒体艺术专业人员S
游戏策划师,2-09-06-07,2090607,数字媒体艺术专业人员S
游戏角色,2-09-06-07,2090607,数字媒体艺术专业人员S
交互设计师,2-09-06-07,2090607,数字媒体艺术专业人员S
游戏动作,2-09-06-07,2090607,数字媒体艺术专业人员S
原画师,2-09-06-07,2090607,数字媒体艺术专业人员S
游戏关卡策划,2-09-06-07,2090607,数字媒体艺术专业人员S
游戏场景设计师,2-09-06-07,2090607,数字媒体艺术专业人员S
UE4,2-09-06-07,2090607,数字媒体艺术专业人员S
游戏特效设计师,2-09-06-07,2090607,数字媒体艺术专业人员S
多媒体设计师,2-09-06-07,2090607,数字媒体艺术专业人员S
游戏原画师,2-09-06-07,2090607,数字媒体艺术专业人员S
设计总监,2-09-06-09,2090609,陈列展览设计人员
陈列设计,2-09-06-09,2090609,陈列展览设计人员
展览/展示设计,2-09-06-09,2090609,陈列展览设计人员
展览/展示/店面设计,2-09-06-09,2090609,陈列展览设计人员
体育运动教练,2-09-07-01,2090701,教练员
团队经理,2-09-07-01,2090701,教练员
记者,2-10-01-00,2100100,记者
记者采编,2-10-01-00,2100100,记者
编辑,2-10-02-01,2100201,文字编辑
总编/副总编,2-10-02-01,2100201,文字编辑
电话采编,2-10-02-01,2100201,文字编辑
主编副主编,2-10-02-01,2100201,文字编辑
医学编辑,2-10-02-01,2100201,文字编辑
主编/副主编,2-10-02-01,2100201,文字编辑
美术编辑,2-10-02-02,2100202,美术编辑
网页设计师,2-10-02-05,2100205,网络编辑S
网站策划,2-10-02-05,2100205,网络编辑S
网页设计,2-10-02-05,2100205,网络编辑S
网站编辑,2-10-02-05,2100205,网络编辑S
网站维护工程师,2-10-02-05,2100205,网络编辑S
音频编辑,2-10-02-06,2100206,电子音乐编辑
录入校对员,2-10-03-00,2100300,校对员
校对录入,2-10-03-00,2100300,校对员
校对/录入,2-10-03-00,2100300,校对员
主播/主持人,2-10-04-02,2100402,节目主持人
意大利语翻译,2-10-05-00,2100500,翻译
英语翻译,2-10-05-00,2100500,翻译
其他咨询/翻译类职位,2-10-05-00,2100500,翻译
韩语/朝鲜语翻译,2-10-05-00,2100500,翻译
日语翻译,2-10-05-00,2100500,翻译
法语翻译,2-10-05-00,2100500,翻译
葡萄牙语翻译,2-10-05-00,2100500,翻译
其他语种翻译,2-10-05-00,2100500,翻译
西班牙语翻译,2-10-05-00,2100500,翻译
英语,2-10-05-00,2100500,翻译
俄语翻译,2-10-05-00,2100500,翻译
泰语翻译,2-10-05-00,2100500,翻译
中国方言翻译,2-10-05-00,2100500,翻译
阿拉伯语翻译,2-10-05-00,2100500,翻译
德语翻译,2-10-05-00,2100500,翻译
内容审核,2-10-06-01,2100601,文献信息专业人员
档案管理,2-10-07-00,2100700,档案专业人员
其他技术职位,2-99-00-00,2990000,其他专业技术人员
其他职能职位,3-00-00-00,3000000,办事人员和有关人员
综合业务专员,3-01-01-00,3010100,行政业务办理人员
公务员,3-01-01-01,3010101,行政办事员
政府事务管理,3-01-01-02,3010102,政务服务办事员
统计员,3-01-01-03,3010103,统计调查员
调研员,3-01-01-03,3010103,统计调查员
行政经理/主管/办公室主任,3-01-02-00,3010200,行政事务处理人员
营运主管,3-01-02-00,3010200,行政事务处理人员
销售行政经理/主管,3-01-02-00,3010200,行政事务处理人员
行政专员,3-01-02-00,3010200,行政事务处理人员
综合业务经理/主管,3-01-02-00,3010200,行政事务处理人员
行政经理,3-01-02-00,3010200,行政事务处理人员
行政主管,3-01-02-00,3010200,行政事务处理人员
行政专员/助理,3-01-02-00,3010200,行政事务处理人员
行政总监,3-01-02-00,3010200,行政事务处理人员
经理助理/秘书,3-01-02-02,3010202,秘书
经理助理,3-01-02-02,3010202,秘书
销售行政助理,3-01-02-02,3010202,秘书
董事会秘书,3-01-02-02,3010202,秘书
总裁助理/总经理助理,3-01-02-02,3010202,秘书
高级业务跟单,3-01-02-02,3010202,秘书
生产跟单,3-01-02-02,3010202,秘书
业务跟单经理,3-01-02-02,3010202,秘书
业务跟单,3-01-02-02,3010202,秘书
契约管理,3-01-02-02,3010202,秘书
助理业务跟单,3-01-02-02,3010202,秘书
资料员,3-01-02-02,3010202,秘书
预订主管,3-01-02-02,3010202,秘书
总助/CEO助理/董事长助理,3-01-02-02,3010202,秘书
外贸跟单,3-01-02-02,3010202,秘书
前台,3-01-02-02,3010202,秘书
贸易跟单,3-01-02-02,3010202,秘书
技术文员/助理,3-01-02-02,3010202,秘书
预订员,3-01-02-02,3010202,秘书
销售行政专员,3-01-02-02,3010202,秘书
订单处理员,3-01-02-02,3010202,秘书
服装/纺织/皮革跟单,3-01-02-02,3010202,秘书
生产文员,3-01-02-02,3010202,秘书
生产跟单/文员,3-01-02-02,3010202,秘书
餐饮预订员,3-01-02-02,3010202,秘书
文员,3-01-02-02,3010202,秘书
公关/媒介助理,3-01-02-03,3010203,公关员
公关总监,3-01-02-03,3010203,公关员
公关专员,3-01-02-03,3010203,公关员
公关主管,3-01-02-03,3010203,公关员
公关经理,3-01-02-03,3010203,公关员
打稿机操作员,3-01-02-05,3010205,打字员
CAD设计制图,3-01-02-07,3010207,制图员
机械制图,3-01-02-07,3010207,制图员
计算机辅助设计工程师(CAD绘图),3-01-02-07,3010207,制图员
机械制图员,3-01-02-07,3010207,制图员
后勤,3-01-02-08,3010208,后勤管理员
运输经理/主管,3-01-02-08,3010208,后勤管理员
站务人员,3-01-02-08,3010208,后勤管理员
城市管理网格员,3-01-04-02,3010402,城市管理网格员
消防安全,3-02-03-04,3020304,消防安全管理员
消防维保员,3-02-03-04,3020304,消防安全管理员
消防,3-02-03-04,3020304,消防安全管理员
消防中控员,3-02-03-05,3020305,消防监督检查员
救生员,3-02-03-08,3020308,应急救援员
采购主管,4-01-01-00,4010100,采购员
采购专员,4-01-01-00,4010100,采购员
买手,4-01-01-00,4010100,采购员
面料辅料采购,4-01-01-00,4010100,采购员
采购经理,4-01-01-00,4010100,采购员
供应商开发,4-01-01-00,4010100,采购员
采购员,4-01-01-00,4010100,采购员
采购专员/助理,4-01-01-00,4010100,采购员
采购助理,4-01-01-00,4010100,采购员
采购总监,4-01-01-00,4010100,采购员
采购,4-01-01-00,4010100,采购员
销售运营,4-01-02-00,4010200,销售人员
销售VP,4-01-02-00,4010200,销售人员
海外销售,4-01-02-00,4010200,销售人员
其他销售职位,4-01-02-00,4010200,销售人员
物流销售,4-01-02-01,4010201,营销员
会展活动销售,4-01-02-01,4010201,营销员
营销主管,4-01-02-01,4010201,营销员
招生老师,4-01-02-01,4010201,营销员
市场顾问,4-01-02-01,4010201,营销员
市场通路,4-01-02-01,4010201,营销员
渠道/分销主管,4-01-02-01,4010201,营销员
市场营销策划,4-01-02-01,4010201,营销员
用户研究员,4-01-02-01,4010201,营销员
媒介销售,4-01-02-01,4010201,营销员
广告销售,4-01-02-01,4010201,营销员
市场策划,4-01-02-01,4010201,营销员
市场企划专员,4-01-02-01,4010201,营销员
招生顾问,4-01-02-01,4010201,营销员
旅游销售,4-01-02-01,4010201,营销员
网络推广专员,4-01-02-01,4010201,营销员
市场助理,4-01-02-01,4010201,营销员
销售助理,4-01-02-01,4010201,营销员
用户研究,4-01-02-01,4010201,营销员
销售,4-01-02-01,4010201,营销员
销售顾问,4-01-02-01,4010201,营销员
APP推广,4-01-02-01,4010201,营销员
销售主管,4-01-02-01,4010201,营销员
市场/营销/拓展专员,4-01-02-01,4010201,营销员
区域销售代表,4-01-02-01,4010201,营销员
市场营销,4-01-02-01,4010201,营销员
汽车服务顾问,4-01-02-01,4010201,营销员
市场调研,4-01-02-01,4010201,营销员
线下推广,4-01-02-01,4010201,营销员
其他市场职位,4-01-02-01,4010201,营销员
机构业务销售,4-01-02-01,4010201,营销员
渠道/分销专员,4-01-02-01,4010201,营销员
市场推广/地推,4-01-02-01,4010201,营销员
商务专员,4-01-02-01,4010201,营销员
市场分析/调研人员,4-01-02-01,4010201,营销员
销售专员,4-01-02-01,4010201,营销员
市场推广,4-01-02-01,4010201,营销员
商务助理,4-01-02-01,4010201,营销员
渠道销售,4-01-02-01,4010201,营销员
课程顾问,4-01-02-01,4010201,营销员
游戏推广,4-01-02-01,4010201,营销员
地推专员,4-01-02-01,4010201,营销员
销售代表,4-01-02-01,4010201,营销员
促销经理,4-01-02-01,4010201,营销员
会议活动销售,4-01-02-01,4010201,营销员
情报信息分析人员,4-01-02-01,4010201,营销员
电话销售,4-01-02-01,4010201,营销员
店长助理,4-01-02-03,4010203,商品营业员
营业员,4-01-02-03,4010203,商品营业员
陈列员,4-01-02-03,4010203,商品营业员
家装顾问,4-01-02-03,4010203,商品营业员
柜员,4-01-02-03,4010203,商品营业员
商品专员/助理,4-01-02-03,4010203,商品营业员
导购管理,4-01-02-03,4010203,商品营业员
汽车销售/经纪人,4-01-02-03,4010203,商品营业员
商品管理,4-01-02-03,4010203,商品营业员
兼职店员,4-01-02-03,4010203,商品营业员
珠宝销售顾问,4-01-02-03,4010203,商品营业员
卖场经理,4-01-02-03,4010203,商品营业员
奢侈品业务,4-01-02-03,4010203,商品营业员
店员营业员,4-01-02-03,4010203,商品营业员
店员/营业员,4-01-02-03,4010203,商品营业员
导购,4-01-02-03,4010203,商品营业员
陈列管理,4-01-02-03,4010203,商品营业员
促销员/导购员,4-01-02-03,4010203,商品营业员
化妆品导购,4-01-02-03,4010203,商品营业员
促销员,4-01-02-03,4010203,商品营业员
汽车销售,4-01-02-03,4010203,商品营业员
服装导购,4-01-02-03,4010203,商品营业员
门店销售,4-01-02-03,4010203,商品营业员
汽车配件销售,4-01-02-03,4010203,商品营业员
导购员,4-01-02-03,4010203,商品营业员
珠宝销售,4-01-02-03,4010203,商品营业员
收银员,4-01-02-04,4010204,收银员
收银主管,4-01-02-04,4010204,收银员
餐饮收银员,4-01-02-04,4010204,收银员
收银,4-01-02-04,4010204,收银员
餐饮店长/经理,4-01-02-06,4010206,连锁经营管理师
餐饮管理,4-01-02-06,4010206,连锁经营管理师
餐饮店长,4-01-02-06,4010206,连锁经营管理师
电商产品经理,4-01-02-06,4010206,连锁经营管理师
促销主管/督导/巡店,4-01-02-06,4010206,连锁经营管理师
4S店店长/维修站长,4-01-02-06,4010206,连锁经营管理师
培训督导,4-01-02-06,4010206,连锁经营管理师
督导,4-01-02-06,4010206,连锁经营管理师
督导巡店,4-01-02-06,4010206,连锁经营管理师
储备店长,4-01-02-06,4010206,连锁经营管理师
门店店长,4-01-02-06,4010206,连锁经营管理师
品类管理,4-01-02-06,4010206,连锁经营管理师
店长,4-01-02-06,4010206,连锁经营管理师
品牌/连锁招商管理,4-01-02-06,4010206,连锁经营管理师
门店经理/店长,4-01-02-06,4010206,连锁经营管理师
选址拓展/新店开发,4-01-02-06,4010206,连锁经营管理师
4S店经理/维修站经理,4-01-02-06,4010206,连锁经营管理师
餐饮督导,4-01-02-06,4010206,连锁经营管理师
国内贸易人员,4-01-03-00,4010300,贸易经纪代理人员
经销商,4-01-03-00,4010300,贸易经纪代理人员
二手车经纪人,4-01-03-04,4010304,二手车经纪人
二手车评估师,4-01-03-04,4010304,二手车经纪人
药品市场推广主管,4-01-05-02,4010502,医药商品购销员
医疗器械销售,4-01-05-02,4010502,医药商品购销员
药品市场推广专员,4-01-05-02,4010502,医药商品购销员
医疗器械市场推广,4-01-05-02,4010502,医药商品购销员
药品市场推广经理,4-01-05-02,4010502,医药商品购销员
医疗器械销售经理/主管,4-01-05-02,4010502,医药商品购销员
出版发行,4-01-05-03,4010503,出版物发行员
出版/发行,4-01-05-03,4010503,出版物发行员
天猫运营,4-01-06-01,4010601,电子商务师S
京东运营,4-01-06-01,4010601,电子商务师S
网站运营总监,4-01-06-01,4010601,电子商务师S
亚马逊运营,4-01-06-01,4010601,电子商务师S
网络推广总监,4-01-06-01,4010601,电子商务师S
电商总监,4-01-06-01,4010601,电子商务师S
淘宝客服,4-01-06-01,4010601,电子商务师S
国内电商运营,4-01-06-01,4010601,电子商务师S
SEO,4-01-06-01,4010601,电子商务师S
淘宝运营,4-01-06-01,4010601,电子商务师S
跨境电商运营,4-01-06-01,4010601,电子商务师S
商务渠道,4-01-06-01,4010601,电子商务师S
店铺推广,4-01-06-01,4010601,电子商务师S
拼多多运营,4-01-06-01,4010601,电子商务师S
网店店长,4-01-06-01,4010601,电子商务师S
网店店铺管理员,4-01-06-01,4010601,电子商务师S
网站运营经理/主管,4-01-06-01,4010601,电子商务师S
网络推广经理/主管,4-01-06-01,4010601,电子商务师S
网站运营,4-01-06-01,4010601,电子商务师S
美工/电商设计师,4-01-06-01,4010601,电子商务师S
网店客服,4-01-06-01,4010601,电子商务师S
电商专员,4-01-06-01,4010601,电子商务师S
SEO/SEM,4-01-06-01,4010601,电子商务师S
互联网营销师,4-01-06-02,4010602,互联网营销师S
网络推广,4-01-06-02,4010602,互联网营销师S
直播运营,4-01-06-02,4010602,互联网营销师S
直播场控,4-01-06-02,4010602,互联网营销师S
直播中控,4-01-06-02,4010602,互联网营销师S
网络营销,4-01-06-02,4010602,互联网营销师S
主播助理,4-01-06-02,4010602,互联网营销师S
中控场控/助播,4-01-06-02,4010602,互联网营销师S
电商经理/电商主管,4-01-06-02,4010602,互联网营销师S
网络销售,4-01-06-02,4010602,互联网营销师S
主播,4-01-06-02,4010602,互联网营销师S
网络主播,4-01-06-02,4010602,互联网营销师S
网站运营专员,4-01-06-02,4010602,互联网营销师S
网络销售/在线销售,4-01-06-02,4010602,互联网营销师S
直播助理,4-01-06-02,4010602,互联网营销师S
广告投放专员,4-01-06-02,4010602,互联网营销师S
带货主播,4-01-06-02,4010602,互联网营销师S
直播销售,4-01-06-02,4010602,互联网营销师S
SEM,4-01-06-02,4010602,互联网营销师S
列车/地铁司机,4-02-01-01,4020101,轨道交通列车司机L
乘务员,4-02-01-02,4020102,铁路列车乘务员
客运司机,4-02-02-01,4020201,客运车辆驾驶员L
出租车司机,4-02-02-01,4020201,客运车辆驾驶员L
网约车司机,4-02-02-01,4020201,客运车辆驾驶员L
司机,4-02-02-01,4020201,客运车辆驾驶员L
商务司机,4-02-02-01,4020201,客运车辆驾驶员L
班车司机,4-02-02-01,4020201,客运车辆驾驶员L
货运司机,4-02-02-02,4020202,道路货运汽车驾驶员L
跟车员,4-02-02-03,4020203,道路客运服务员
货运代理专员,4-02-02-04,4020204,道路货运业务员
车辆运营,4-02-02-05,4020205,道路运输调度员
调度员,4-02-02-05,4020205,道路运输调度员
驾校教练,4-02-02-07,4020207,机动车驾驶教练员
加油站工作员,4-02-02-08,4020208,油气电站操作员
加油员,4-02-02-08,4020208,油气电站操作员
汽车救援员,4-02-02-09,4020209,汽车救援员
船员,4-02-03-01,4020301,客运船舶驾驶员
船长/副船长,4-02-03-01,4020301,客运船舶驾驶员
集装箱管理,4-02-03-02,4020302,船舶业务员
集装箱业务,4-02-03-02,4020302,船舶业务员
空乘人员,4-02-04-01,4020401,民航乘务员
地勤人员,4-02-04-02,4020402,航空运输地面服务员
无人机飞手,4-02-04-06,4020406,无人机驾驶员
装卸工,4-02-05-01,4020501,装卸搬运工
搬运工/装卸工,4-02-05-01,4020501,装卸搬运工
搬运工,4-02-05-01,4020501,装卸搬运工
行李员,4-02-05-01,4020501,装卸搬运工
票务员,4-02-05-02,4020502,客运售票员
票务,4-02-05-02,4020502,客运售票员
水/空/陆运操作,4-02-05-03,4020503,货运代理服务员
货运代理经理,4-02-05-03,4020503,货运代理服务员
货运代理,4-02-05-03,4020503,货运代理服务员
材料员,4-02-06-01,4020601,仓储管理员
仓库经理/主管,4-02-06-01,4020601,仓储管理员
仓库文员,4-02-06-01,4020601,仓储管理员
仓储管理,4-02-06-01,4020601,仓储管理员
仓储理货员,4-02-06-01,4020601,仓储管理员
物仓调度,4-02-06-01,4020601,仓储管理员
仓库主管/经理,4-02-06-01,4020601,仓储管理员
仓库管理员,4-02-06-01,4020601,仓储管理员
理货员,4-02-06-02,4020602,理货员
分拣员,4-02-06-02,4020602,理货员
配/理/拣/发货,4-02-06-02,4020602,理货员
物流总监,4-02-06-03,4020603,物流服务师L
物流主管,4-02-06-03,4020603,物流服务师L
物流管理,4-02-06-03,4020603,物流服务师L
物流经理,4-02-06-03,4020603,物流服务师L
物流专员/助理,4-02-06-03,4020603,物流服务师L
物流运营,4-02-06-03,4020603,物流服务师L
物流专员,4-02-06-03,4020603,物流服务师L
物流跟单,4-02-06-03,4020603,物流服务师L
押运员,4-02-06-03,4020603,物流服务师L
供应链主管,4-02-06-05,4020605,供应链管理师S
供应链,4-02-06-05,4020605,供应链管理师S
供应链总监,4-02-06-05,4020605,供应链管理师S
供应链专员,4-02-06-05,4020605,供应链管理师S
供应链经理,4-02-06-05,4020605,供应链管理师S
快递员,4-02-07-08,4020708,快递员
收货员,4-02-07-08,4020708,快递员
阿里国际站运营,4-02-07-11,4020711,快递站点管理师
配送站长,4-02-07-11,4020711,快递站点管理师
酒店大堂经理,4-03-01-01,4030101,前厅服务员
酒店经理,4-03-01-01,4030101,前厅服务员
前台接待/总机/接待生,4-03-01-01,4030101,前厅服务员
前台迎宾,4-03-01-01,4030101,前厅服务员
酒店前厅经理,4-03-01-01,4030101,前厅服务员
宾客服务经理,4-03-01-01,4030101,前厅服务员
酒店前台,4-03-01-01,4030101,前厅服务员
酒店/宾馆经理,4-03-01-01,4030101,前厅服务员
客房服务员,4-03-01-02,4030102,客房服务员
客房服务员/楼面服务员,4-03-01-02,4030102,客房服务员
客房经理,4-03-01-02,4030102,客房服务员
餐饮学徒,4-03-02-00,4030200,餐饮服务人员
行政总厨,4-03-02-01,4030201,中式烹调师
厨师,4-03-02-01,4030201,中式烹调师
配菜/打荷,4-03-02-01,4030201,中式烹调师
行政主厨/厨师长,4-03-02-01,4030201,中式烹调师
厨师长,4-03-02-01,4030201,中式烹调师
中餐厨师,4-03-02-01,4030201,中式烹调师
生鲜食品加工/处理,4-03-02-01,4030201,中式烹调师
配菜打荷,4-03-02-01,4030201,中式烹调师
厨师助理/学徒,4-03-02-01,4030201,中式烹调师
水台,4-03-02-01,4030201,中式烹调师
烧烤师傅,4-03-02-01,4030201,中式烹调师
熟食加工,4-03-02-01,4030201,中式烹调师
后厨,4-03-02-01,4030201,中式烹调师
凉菜厨师,4-03-02-01,4030201,中式烹调师
面点师,4-03-02-02,4030202,中式面点师
日式厨师,4-03-02-03,4030203,西式烹调师
西餐厨师,4-03-02-03,4030203,西式烹调师
日料厨师,4-03-02-03,4030203,西式烹调师
西点师,4-03-02-04,4030204,西式面点师
楼面经理,4-03-02-05,4030205,餐厅服务员
传菜员,4-03-02-05,4030205,餐厅服务员
洗碗工,4-03-02-05,4030205,餐厅服务员
餐厅领班,4-03-02-05,4030205,餐厅服务员
餐饮服务员,4-03-02-05,4030205,餐厅服务员
餐饮前厅经理/领班,4-03-02-05,4030205,餐厅服务员
服务员,4-03-02-05,4030205,餐厅服务员
传菜主管,4-03-02-05,4030205,餐厅服务员
餐饮大堂经理,4-03-02-05,4030205,餐厅服务员
茶艺师,4-03-02-07,4030207,茶艺师
咖啡师,4-03-02-08,4030208,咖啡师
调酒师,4-03-02-09,4030209,调酒师
调饮师,4-03-02-10,4030210,调饮师
奶茶店店员,4-03-02-10,4030210,调饮师
食品安全管理师,4-03-02-11,4030211,食品安全管理师
调酒师/侍酒师/吧台员,4-03-02-12,4030212,侍酒师
宴会管理,4-03-02-13,4030213,宴会定制服务师
通信项目管理,4-04-01-00,4040100,信息通信业务人员
通信项目专员,4-04-01-01,4040101,信息通信营业员
有线传输工,4-04-03-01,4040301,广播电视天线工
网吧网管,4-04-04-01,4040401,信息通信网络运行管理员S
网络管理(Helpdesk),4-04-04-01,4040401,信息通信网络运行管理员S
系统管理员,4-04-04-03,4040403,信息通信信息化系统管理员S
渗透测试,4-04-04-04,4040404,信息安全测试员S
解决方案经理,4-04-04-05,4040405,数字化解决方案设计师S
密码技术应用员,4-04-04-06,4040406,密码技术应用员S
android,4-04-05-01,4040501,计算机程序设计员S
ios,4-04-05-01,4040501,计算机程序设计员S
前端开发工程师,4-04-05-01,4040501,计算机程序设计员S
前端开发,4-04-05-01,4040501,计算机程序设计员S
Web前端,4-04-05-01,4040501,计算机程序设计员S
Android,4-04-05-01,4040501,计算机程序设计员S
性能测试,4-04-05-02,4040502,计算机软件测试员S
移动端测试,4-04-05-02,4040502,计算机软件测试员S
软件测试,4-04-05-02,4040502,计算机软件测试员S
游戏测试,4-04-05-02,4040502,计算机软件测试员S
测试开发,4-04-05-02,4040502,计算机软件测试员S
测试经理,4-04-05-02,4040502,计算机软件测试员S
咨询热线/呼叫中心客服,4-04-05-03,4040503,呼叫中心服务员
客服专员,4-04-05-03,4040503,呼叫中心服务员
网络/在线客服,4-04-05-03,4040503,呼叫中心服务员
客服,4-04-05-03,4040503,呼叫中心服务员
网络客服,4-04-05-03,4040503,呼叫中心服务员
电话客服,4-04-05-03,4040503,呼叫中心服务员
物业客服,4-04-05-03,4040503,呼叫中心服务员
售前客服,4-04-05-03,4040503,呼叫中心服务员
客服专员/助理,4-04-05-03,4040503,呼叫中心服务员
寻呼员/话务员,4-04-05-03,4040503,呼叫中心服务员
DBA,4-04-05-04,4040504,数据库运行管理员S
机器学习,4-04-05-05,4040505,人工智能训练师S
数据标注师,4-04-05-05,4040505,人工智能训练师S
数据标注/AI训练师,4-04-05-05,4040505,人工智能训练师S
服务机器人应用技术员,4-04-05-07,4040507,服务机器人应用技术员S
电子数据取证分析师,4-04-05-08,4040508,电子数据取证分析师S
担保,4-05-00-00,4050000,金融服务人员
银行柜员,4-05-01-01,4050101,银行综合柜员
汽车金融经理,4-05-01-02,4050102,银行信贷员
汽车金融专员,4-05-01-02,4050102,银行信贷员
催收员,4-05-01-02,4050102,银行信贷员
汽车金融销售,4-05-01-02,4050102,银行信贷员
信贷专员,4-05-01-02,4050102,银行信贷员
催收,4-05-01-02,4050102,银行信贷员
信贷,4-05-01-02,4050102,银行信贷员
贷款,4-05-01-02,4050102,银行信贷员
汽车金融,4-05-01-02,4050102,银行信贷员
理财经理,4-05-01-03,4050103,银行客户业务员
银行客户总监,4-05-01-03,4050103,银行客户业务员
银行销售,4-05-01-03,4050103,银行客户业务员
银行大堂经理,4-05-01-03,4050103,银行客户业务员
信用卡,4-05-01-04,4050104,银行信用卡业务员
信用卡销售,4-05-01-04,4050104,银行信用卡业务员
股票/期货操盘手,4-05-02-00,4050200,证券期货服务人员
期货分析师,4-05-02-00,4050200,证券期货服务人员
证券/期货/外汇经纪人,4-05-02-00,4050200,证券期货服务人员
操盘手,4-05-02-01,4050201,证券期货服务师
交易员,4-05-02-01,4050201,证券期货服务师
保险销售,4-05-03-01,4050301,保险代理人
保险电销,4-05-03-01,4050301,保险代理人
保险业务经理/主管,4-05-03-01,4050301,保险代理人
理赔,4-05-03-02,4050302,保险保全员
保险客户服务/续期管理,4-05-03-02,4050302,保险保全员
保险内勤,4-05-03-02,4050302,保险保全员
保险理赔,4-05-03-02,4050302,保险保全员
车险,4-05-03-04,4050304,保险经纪人
保险业务推动/督导,4-05-03-04,4050304,保险经纪人
保险经纪人/保险代理,4-05-03-04,4050304,保险经纪人
保险顾问,4-05-03-04,4050304,保险经纪人
财产保险,4-05-03-04,4050304,保险经纪人
工艺品/珠宝设计鉴定,4-05-04-02,4050402,鉴定估价师
信托,4-05-05-01,4050501,信托业务员
并购,4-05-05-02,4050502,资产管理师
资产管理,4-05-05-02,4050502,资产管理师
其他金融职位,4-05-99-00,4059900,其他金融服务人员
房地产内勤,4-06-00-00,4060000,房地产服务人员
物业招商管理,4-06-01-01,4060101,物业管理师
物业项目经理,4-06-01-01,4060101,物业管理师
物业机电维修工,4-06-01-01,4060101,物业管理师
物业管理员,4-06-01-01,4060101,物业管理师
房修工程师,4-06-01-01,4060101,物业管理师
物业管理主管,4-06-01-01,4060101,物业管理师
物业机电工程师,4-06-01-01,4060101,物业管理师
物业工程主管,4-06-01-01,4060101,物业管理师
物业管理,4-06-01-01,4060101,物业管理师
物业,4-06-01-01,4060101,物业管理师
物业管理专员/助理,4-06-01-01,4060101,物业管理师
物业管理经理,4-06-01-01,4060101,物业管理师
物业主管,4-06-01-01,4060101,物业管理师
物业维修员,4-06-01-01,4060101,物业管理师
物业经理,4-06-01-01,4060101,物业管理师
写字楼运营,4-06-01-01,4060101,物业管理师
物业设施管理人员,4-06-01-01,4060101,物业管理师
停车管理员,4-06-01-03,4060103,停车管理员
智能大厦/综合布线/安防/弱电,4-06-01-04,4060104,智能楼宇管理员S
置业顾问,4-06-02-01,4060201,房地产经纪人
房地产店长/经理,4-06-02-01,4060201,房地产经纪人
房地产资产管理,4-06-02-01,4060201,房地产经纪人
房地产销售,4-06-02-01,4060201,房地产经纪人
房地产销售经理/主管,4-06-02-01,4060201,房地产经纪人
地产中介,4-06-02-01,4060201,房地产经纪人
房地产销售总监,4-06-02-01,4060201,房地产经纪人
房地产销售专员,4-06-02-01,4060201,房地产经纪人
地产经纪,4-06-02-01,4060201,房地产经纪人
房地产中介/置业顾问,4-06-02-01,4060201,房地产经纪人
房地产投资管理,4-06-02-02,4060202,房地产策划师
房地产项目/策划经理,4-06-02-02,4060202,房地产策划师
地产项目管理,4-06-02-02,4060202,房地产策划师
房地产策划,4-06-02-02,4060202,房地产策划师
房地产项目/策划专员,4-06-02-02,4060202,房地产策划师
地产策划总监,4-06-02-02,4060202,房地产策划师
房地产项目/策划主管,4-06-02-02,4060202,房地产策划师
其他房地产职位,4-06-99-00,4069900,其他房地产服务人员
拍卖/担保/典当业务,4-07-01-00,4070100,租赁和拍卖业务人员
招商/租赁/租售,4-07-01-01,4070101,租赁业务员
房地产招商,4-07-01-01,4070101,租赁业务员
商场运营,4-07-01-01,4070101,租赁业务员
典当,4-07-01-02,4070102,拍卖服务师
风险控制,4-07-02-01,4070201,风险管理师
售前技术支持,4-07-02-03,4070203,客户服务管理员
售后客服,4-07-02-03,4070203,客户服务管理员
大客户代表,4-07-02-03,4070203,客户服务管理员
房地产客服,4-07-02-03,4070203,客户服务管理员
售后技术支持经理/主管,4-07-02-03,4070203,客户服务管理员
VIP专员,4-07-02-03,4070203,客户服务管理员
客户关系经理/主管,4-07-02-03,4070203,客户服务管理员
业务分析专员/助理,4-07-02-03,4070203,客户服务管理员
广告客户专员,4-07-02-03,4070203,客户服务管理员
个人业务客户经理,4-07-02-03,4070203,客户服务管理员
客户经理/主管,4-07-02-03,4070203,客户服务管理员
售后服务/客户服务,4-07-02-03,4070203,客户服务管理员
客户代表,4-07-02-03,4070203,客户服务管理员
个人业务部门经理/主管,4-07-02-03,4070203,客户服务管理员
技术支持/维护工程师,4-07-02-03,4070203,客户服务管理员
高级客户经理/客户经理,4-07-02-03,4070203,客户服务管理员
广告客户总监/副总监,4-07-02-03,4070203,客户服务管理员
FAE 现场应用工程师,4-07-02-03,4070203,客户服务管理员
售后技术支持工程师,4-07-02-03,4070203,客户服务管理员
售前技术支持经理/主管,4-07-02-03,4070203,客户服务管理员
客户经理,4-07-02-03,4070203,客户服务管理员
售前技术支持工程师,4-07-02-03,4070203,客户服务管理员
技术支持/维护经理,4-07-02-03,4070203,客户服务管理员
大客户管理,4-07-02-03,4070203,客户服务管理员
投诉专员,4-07-02-03,4070203,客户服务管理员
客服总监,4-07-02-03,4070203,客户服务管理员
公司业务客户经理,4-07-02-03,4070203,客户服务管理员
大客户销售,4-07-02-03,4070203,客户服务管理员
广告客户经理,4-07-02-03,4070203,客户服务管理员
客服经理,4-07-02-03,4070203,客户服务管理员
FAE ,4-07-02-03,4070203,客户服务管理员
客户专员,4-07-02-03,4070203,客户服务管理员
广告客户主管,4-07-02-03,4070203,客户服务管理员
客服主管,4-07-02-03,4070203,客户服务管理员
售后技术支持,4-07-02-03,4070203,客户服务管理员
会籍顾问,4-07-02-03,4070203,客户服务管理员
客户成功,4-07-02-03,4070203,客户服务管理员
客户主管,4-07-02-03,4070203,客户服务管理员
小微信贷专员,4-07-02-04,4070204,信用管理师
信贷管理,4-07-02-04,4070204,信用管理师
数据/策略运营,4-07-02-05,4070205,商务数据分析师S
BI工程师,4-07-02-05,4070205,商务数据分析师S
业务分析经理/主管,4-07-02-05,4070205,商务数据分析师S
数据分析经理/主管,4-07-02-05,4070205,商务数据分析师S
数据分析师,4-07-02-05,4070205,商务数据分析师S
商业数据分析,4-07-02-05,4070205,商务数据分析师S
培训讲师,4-07-03-01,4070301,职业指导师
人力资源专员/助理,4-07-03-04,4070304,企业人力资源管理师
薪资福利专员/助理,4-07-03-04,4070304,企业人力资源管理师
人事总监,4-07-03-04,4070304,企业人力资源管理师
人事主管,4-07-03-04,4070304,企业人力资源管理师
人事助理,4-07-03-04,4070304,企业人力资源管理师
绩效考核,4-07-03-04,4070304,企业人力资源管理师
行政经理/主管,4-07-03-04,4070304,企业人力资源管理师
绩效考核经理/主管,4-07-03-04,4070304,企业人力资源管理师
绩效考核专员/助理,4-07-03-04,4070304,企业人力资源管理师
企业文化/员工关系/工会管理,4-07-03-04,4070304,企业人力资源管理师
人力资源专员,4-07-03-04,4070304,企业人力资源管理师
薪资绩效,4-07-03-04,4070304,企业人力资源管理师
薪资福利经理/主管,4-07-03-04,4070304,企业人力资源管理师
员工关系,4-07-03-04,4070304,企业人力资源管理师
企业文化,4-07-03-04,4070304,企业人力资源管理师
人力资源信息系统专员,4-07-03-04,4070304,企业人力资源管理师
人事专员,4-07-03-04,4070304,企业人力资源管理师
组织发展,4-07-03-04,4070304,企业人力资源管理师
薪资福利,4-07-03-04,4070304,企业人力资源管理师
培训产品开发,4-07-03-05,4070305,职业培训师
培训经理/主管,4-07-03-05,4070305,职业培训师
培训,4-07-03-05,4070305,职业培训师
培训策划,4-07-03-05,4070305,职业培训师
保险培训师,4-07-03-05,4070305,职业培训师
就业老师,4-07-03-05,4070305,职业培训师
财会培训讲师,4-07-03-05,4070305,职业培训师
教师培训/师训,4-07-03-05,4070305,职业培训师
培训研究,4-07-03-05,4070305,职业培训师
机器人教师,4-07-03-05,4070305,职业培训师
专业培训师,4-07-03-05,4070305,职业培训师
培训助理,4-07-03-05,4070305,职业培训师
C++培训讲师,4-07-03-05,4070305,职业培训师
培训专员/助理/培训师,4-07-03-05,4070305,职业培训师
拓展培训,4-07-03-05,4070305,职业培训师
其他教育培训职位,4-07-03-05,4070305,职业培训师
劳务员,4-07-03-06,4070306,劳务派遣管理员
劳务派遣专员,4-07-03-06,4070306,劳务派遣管理员
猎头顾问,4-07-03-07,4070307,劳务经纪人
猎头/人才中介,4-07-03-07,4070307,劳务经纪人
招聘经理/主管,4-07-03-08,4070308,招聘师
招聘,4-07-03-08,4070308,招聘师
招聘专员/助理,4-07-03-08,4070308,招聘师
其他旅游职位,4-07-04-00,4070400,旅游及公共游览场所服务人员
签证专员,4-07-04-00,4070400,旅游及公共游览场所服务人员
签证,4-07-04-00,4070400,旅游及公共游览场所服务人员
导游,4-07-04-01,4070401,导游
旅游策划师,4-07-04-03,4070403,旅行社计调
行程管理/计调,4-07-04-03,4070403,旅行社计调
旅游计调,4-07-04-03,4070403,旅行社计调
旅游产品经理,4-07-04-03,4070403,旅行社计调
计调,4-07-04-03,4070403,旅行社计调
旅游顾问,4-07-04-04,4070404,旅游咨询员
咨询员,4-07-04-04,4070404,旅游咨询员
机场代表,4-07-04-05,4070405,公共游览场所服务员
保安经理,4-07-05-01,4070501,保安员
保安,4-07-05-01,4070501,保安员
保安人员,4-07-05-01,4070501,保安员
保镖,4-07-05-01,4070501,保安员
安防主管,4-07-05-01,4070501,保安员
安检员,4-07-05-02,4070502,安检员
系统安全,4-07-05-04,4070504,安全防范系统安装维护员
防损员,4-07-06-02,4070602,商品防损员
防损员/内保,4-07-06-02,4070602,商品防损员
会务/会展经理,4-07-07-00,4070700,会议及展览服务人员
会务/会展专员,4-07-07-01,4070701,会展服务师
会务/会展执行,4-07-07-01,4070701,会展服务师
美工,4-07-07-02,4070702,装饰美工
模特,4-07-07-03,4070703,模特
网店模特,4-07-07-03,4070703,模特
测绘/测量,4-08-03-04,4080304,工程测量员S
选址开发,4-08-04-03,4080403,地理信息应用作业员L
质量管理/测试,4-08-05-00,4080500,检验、检测和计量服务人员
药物分析,4-08-05-04,4080504,药物检验员
汽车检验/检测,4-08-05-05,4080505,机动车检测工
环保检测,4-08-06-00,4080600,环境监测员L
环境采样/检测员,4-08-06-00,4080600,环境监测员L
钻工,4-08-07-01,4080701,地勘钻探工
设计师助理,4-08-08-00,4080800,专业化设计服务人员
设计经理主管,4-08-08-00,4080800,专业化设计服务人员
其他设计职位,4-08-08-00,4080800,专业化设计服务人员
园林/景观设计,4-08-08-01,4080801,花艺环境设计师
花艺师,4-08-08-01,4080801,花艺环境设计师
服装纺织设计,4-08-08-02,4080802,纺织面料设计师
服装/纺织设计总监,4-08-08-02,4080802,纺织面料设计师
服装/纺织设计,4-08-08-02,4080802,纺织面料设计师
艺术/设计总监,4-08-08-05,4080805,工艺美术品设计师
平面设计,4-08-08-06,4080806,装潢美术设计师
平面设计经理/主管,4-08-08-06,4080806,装潢美术设计师
技术美术,4-08-08-06,4080806,装潢美术设计师
平面设计师,4-08-08-06,4080806,装潢美术设计师
平面设计总监,4-08-08-06,4080806,装潢美术设计师
精装设计,4-08-08-06,4080806,装潢美术设计师
室内设计师,4-08-08-07,4080807,室内装饰设计师
室内设计,4-08-08-07,4080807,室内装饰设计师
精装修工程师,4-08-08-07,4080807,室内装饰设计师
室内设计总监,4-08-08-07,4080807,室内装饰设计师
家居设计,4-08-08-07,4080807,室内装饰设计师
软装设计师,4-08-08-07,4080807,室内装饰设计师
软装设计,4-08-08-07,4080807,室内装饰设计师
室内设计师助理,4-08-08-07,4080807,室内装饰设计师
家装设计,4-08-08-07,4080807,室内装饰设计师
室内设计经理/主管,4-08-08-07,4080807,室内装饰设计师
内外饰工程师,4-08-08-07,4080807,室内装饰设计师
广告创意总监,4-08-08-08,4080808,广告设计师
广告投放经理/主管,4-08-08-08,4080808,广告设计师
文案/策划,4-08-08-08,4080808,广告设计师
广告创意/设计专员,4-08-08-08,4080808,广告设计师
广告创意/设计经理,4-08-08-08,4080808,广告设计师
创意总监,4-08-08-08,4080808,广告设计师
广告制作执行,4-08-08-08,4080808,广告设计师
广告制作,4-08-08-08,4080808,广告设计师
广告创意/设计主管,4-08-08-08,4080808,广告设计师
广告客户执行,4-08-08-08,4080808,广告设计师
广告设计,4-08-08-08,4080808,广告设计师
广告创意策划,4-08-08-08,4080808,广告设计师
文案,4-08-08-08,4080808,广告设计师
广告审核,4-08-08-08,4080808,广告设计师
广告文案,4-08-08-08,4080808,广告设计师
文案编辑,4-08-08-08,4080808,广告设计师
广告创意,4-08-08-08,4080808,广告设计师
包装设计,4-08-08-09,4080809,包装设计师
玩具设计,4-08-08-10,4080810,玩具设计师
珠宝设计,4-08-08-11,4080811,首饰设计师
家具设计,4-08-08-12,4080812,家具设计师
橱柜设计,4-08-08-12,4080812,家具设计师
家具拆单员,4-08-08-12,4080812,家具设计师
照明设计,4-08-08-19,4080819,照明设计师
建筑结构设计,4-08-08-22,4080822,建筑幕墙设计师
幕墙设计,4-08-08-22,4080822,建筑幕墙设计师
幕墙工程师,4-08-08-22,4080822,建筑幕墙设计师
BIM工程师,4-08-08-23,4080823,建筑信息模型技术员L/S
建筑制图/模型/渲染,4-08-08-23,4080823,建筑信息模型技术员L/S
剧本杀编剧,4-08-08-29,4080829,桌面游戏设计师S
剧本杀主持人,4-08-08-29,4080829,桌面游戏设计师S
修图师,4-08-09-00,4080900,摄影扩印服务人员
摄影摄像师,4-08-09-01,4080901,商业摄影师
摄影,4-08-09-01,4080901,商业摄影师
摄影师,4-08-09-01,4080901,商业摄影师
摄影/摄像师,4-08-09-01,4080901,商业摄影师
摄影师/摄像师,4-08-09-01,4080901,商业摄影师
水质检测员,4-09-02-01,4090201,水文勘测工
水工,4-09-07-01,4090701,污水处理工L
固废工程师,4-09-07-02,4090702,工业固体废物处理处置工L
碳排放管理师,4-09-07-04,4090704,碳排放管理员L
碳排放管理员,4-09-07-04,4090704,碳排放管理员L
清洁服务人员,4-09-08-01,4090801,保洁员L
保洁,4-09-08-01,4090801,保洁员L
保洁经理,4-09-08-01,4090801,保洁员L
清洁工,4-09-08-01,4090801,保洁员L
绿化工,4-09-10-01,4091001,园林绿化工L
园艺/园林/景观设计,4-09-10-02,4091002,草坪园艺师
早教老师,4-10-01-01,4100101,婴幼儿发展引导员
儿童引导师,4-10-01-01,4100101,婴幼儿发展引导员
育婴师,4-10-01-03,4100103,保育师
保育员,4-10-01-03,4100103,保育师
育婴师/保育员,4-10-01-03,4100103,保育师
幼教,4-10-01-03,4100103,保育师
托管老师,4-10-01-03,4100103,保育师
保姆,4-10-01-06,4100106,家政服务员
家政,4-10-01-06,4100106,家政服务员
钟点工,4-10-01-06,4100106,家政服务员
收纳师,4-10-01-06,4100106,家政服务员
月嫂,4-10-01-06,4100106,家政服务员
家政服务/保姆,4-10-01-06,4100106,家政服务员
催乳师,4-10-01-06,4100106,家政服务员
量体师,4-10-02-01,4100201,裁缝
洗衣工,4-10-02-02,4100202,洗衣师
漂染工,4-10-02-03,4100203,染色师
美容顾问,4-10-03-01,4100301,美容师
美容学徒,4-10-03-01,4100301,美容师
美体师,4-10-03-01,4100301,美容师
美容店长,4-10-03-01,4100301,美容师
美容助理,4-10-03-01,4100301,美容师
美容导师,4-10-03-01,4100301,美容师
美容培训师/导师,4-10-03-01,4100301,美容师
美容整形师,4-10-03-01,4100301,美容师
纹绣师,4-10-03-01,4100301,美容师
瘦身顾问,4-10-03-01,4100301,美容师
美容师,4-10-03-01,4100301,美容师
发型助理/学徒,4-10-03-02,4100302,美发师
美发助理学徒,4-10-03-02,4100302,美发师
养发师,4-10-03-02,4100302,美发师
造型师,4-10-03-02,4100302,美发师
美发店长,4-10-03-02,4100302,美发师
发型师,4-10-03-02,4100302,美发师
美甲师,4-10-03-03,4100303,美甲师
美甲美睫师,4-10-03-03,4100303,美甲师
足疗师,4-10-03-05,4100305,修脚师
足疗,4-10-03-05,4100305,修脚师
采耳师,4-10-04-01,4100401,保健调理师
针灸/推拿,4-10-04-01,4100401,保健调理师
针灸推拿,4-10-04-01,4100401,保健调理师
按摩师,4-10-04-02,4100402,保健按摩师
按摩,4-10-04-02,4100402,保健按摩师
SPA 技师,4-10-04-02,4100402,保健按摩师
理疗师,4-10-04-02,4100402,保健按摩师
婚礼/庆典策划服务,4-10-05-02,4100502,婚礼策划师
婚礼策划,4-10-05-02,4100502,婚礼策划师
婚恋咨询师,4-10-05-03,4100503,婚姻家庭咨询师
训犬师,4-10-07-02,4100702,宠物驯导师
驯兽师/助理驯兽师,4-10-07-02,4100702,宠物驯导师
宠物美容师助理,4-10-07-03,4100703,宠物美容师
宠物护理/美容,4-10-07-03,4100703,宠物美容师
宠物美容,4-10-07-03,4100703,宠物美容师
送水工,4-10-08-01,4100801,网约配送员
送餐员,4-10-08-01,4100801,网约配送员
配送员,4-10-08-01,4100801,网约配送员
代驾,4-10-08-02,4100802,汽车代驾员
代驾司机,4-10-08-02,4100802,汽车代驾员
综合维修工,4-12-00-00,4120000,修理及制作服务人员
汽车钣金,4-12-01-01,4120101,汽车维修工
汽车美容,4-12-01-01,4120101,汽车维修工
洗车工,4-12-01-01,4120101,汽车维修工
汽车维修,4-12-01-01,4120101,汽车维修工
手机维修,4-12-02-01,4120201,计算机维修工
电脑/打印机维修,4-12-02-01,4120201,计算机维修工
电脑维修,4-12-02-01,4120201,计算机维修工
网络维修,4-12-02-03,4120203,信息通信网络终端维修员S
电子/电器维修工程师/技师,4-12-03-00,4120300,家用电子电器产品维修人员
家电维修,4-12-03-01,4120301,家用电器产品维修工
礼仪迎宾接待,4-13-01-02,4130102,礼仪主持人
礼仪/迎宾,4-13-01-02,4130102,礼仪主持人
司仪,4-13-01-02,4130102,礼仪主持人
讲解员,4-13-01-03,4130103,讲解员
经纪人/星探,4-13-01-04,4130104,文化经纪人
艺人助理,4-13-01-04,4130104,文化经纪人
经纪人星探,4-13-01-04,4130104,文化经纪人
速卖通运营,4-13-01-05,4130105,全媒体运营师S
媒介专员,4-13-01-05,4130105,全媒体运营师S
活动策划,4-13-01-05,4130105,全媒体运营师S
微博运营,4-13-01-05,4130105,全媒体运营师S
商家运营,4-13-01-05,4130105,全媒体运营师S
社区运营,4-13-01-05,4130105,全媒体运营师S
活动执行,4-13-01-05,4130105,全媒体运营师S
信息流优化师,4-13-01-05,4130105,全媒体运营师S
新媒体运营,4-13-01-05,4130105,全媒体运营师S
视频运营,4-13-01-05,4130105,全媒体运营师S
内容运营,4-13-01-05,4130105,全媒体运营师S
媒介,4-13-01-05,4130105,全媒体运营师S
社区/社群运营,4-13-01-05,4130105,全媒体运营师S
其他传媒职位,4-13-01-05,4130105,全媒体运营师S
产品运营,4-13-01-05,4130105,全媒体运营师S
活动运营,4-13-01-05,4130105,全媒体运营师S
媒介投放,4-13-01-05,4130105,全媒体运营师S
运营专员,4-13-01-05,4130105,全媒体运营师S
团购业务员,4-13-01-05,4130105,全媒体运营师S
其他运营职位,4-13-01-05,4130105,全媒体运营师S
运营助理,4-13-01-05,4130105,全媒体运营师S
媒介主管,4-13-01-05,4130105,全媒体运营师S
线下拓展运营,4-13-01-05,4130105,全媒体运营师S
数据运营,4-13-01-05,4130105,全媒体运营师S
运营主管,4-13-01-05,4130105,全媒体运营师S
活动策划执行,4-13-01-05,4130105,全媒体运营师S
微信运营,4-13-01-05,4130105,全媒体运营师S
媒介商务BD,4-13-01-05,4130105,全媒体运营师S
运营助理/专员,4-13-01-05,4130105,全媒体运营师S
游戏运营,4-13-01-05,4130105,全媒体运营师S
品类运营,4-13-01-05,4130105,全媒体运营师S
用户运营,4-13-01-05,4130105,全媒体运营师S
媒介经理,4-13-01-05,4130105,全媒体运营师S
影视特效,4-13-02-02,4130202,动画制作员
后期制作,4-13-02-02,4130202,动画制作员
特效设计师,4-13-02-02,4130202,动画制作员
放映员,4-13-02-05,4130205,电影放映员
放映经理/主管,4-13-02-05,4130205,电影放映员
音效师,4-13-02-06,4130206,音响调音员
录音音效,4-13-02-06,4130206,音响调音员
主持人DJ,4-13-02-06,4130206,音响调音员
DJ,4-13-02-06,4130206,音响调音员
电声/音响工程师/技术员,4-13-02-06,4130206,音响调音员
配班老师,4-13-04-00,4130400,教育服务人员
班主任/辅导员,4-13-04-00,4130400,教育服务人员
教务,4-13-04-00,4130400,教育服务人员
教务管理,4-13-04-00,4130400,教育服务人员
学习规划师,4-13-04-01,4130401,在线学习服务师
课程设计,4-13-04-01,4130401,在线学习服务师
课程编辑,4-13-04-01,4130401,在线学习服务师
其他教育产品研发职位,4-13-04-01,4130401,在线学习服务师
在线辅导老师,4-13-04-01,4130401,在线学习服务师
家教,4-13-04-03,4130403,家庭教育指导师
助教,4-13-04-03,4130403,家庭教育指导师
研学项目经理/主管,4-13-04-04,4130404,研学旅游指导师
留学顾问,4-13-04-04,4130404,研学旅游指导师
药物警戒,4-14-01-01,4140101,医疗临床辅助服务员
护工,4-14-01-02,4140102,医疗护理员
产后康复师,4-14-01-03,4140103,健康照护师
其他医疗健康职位,4-14-02-00,4140200,健康咨询服务人员
导医,4-14-02-00,4140200,健康咨询服务人员
营养师,4-14-02-01,4140201,营养师
营养师/健康管理师,4-14-02-01,4140201,营养师
健康顾问,4-14-02-02,4140202,健康管理师
健康管理师,4-14-02-02,4140202,健康管理师
医学顾问,4-14-02-02,4140202,健康管理师
医美咨询,4-14-02-02,4140202,健康管理师
验光师,4-14-03-03,4140303,眼镜验光师
康复治疗师,4-14-03-06,4140306,康复辅助技术咨询师
核酸检测员,4-14-04-01,4140401,防疫员
防疫员,4-14-04-01,4140401,防疫员
消毒员,4-14-04-02,4140402,消毒员
乒乓球教练,4-14-05-01,4140501,社会体育指导员
游泳教练,4-14-05-01,4140501,社会体育指导员
篮球教练,4-14-05-01,4140501,社会体育指导员
瑜伽老师,4-14-05-01,4140501,社会体育指导员
健身顾问,4-14-05-01,4140501,社会体育指导员
足球教练,4-14-05-01,4140501,社会体育指导员
健身教练,4-14-05-01,4140501,社会体育指导员
跆拳道教练,4-14-05-01,4140501,社会体育指导员
高尔夫教练,4-14-05-01,4140501,社会体育指导员
羽毛球教练,4-14-05-01,4140501,社会体育指导员
轮滑教练,4-14-05-01,4140501,社会体育指导员
体育教师/体育教练,4-14-05-01,4140501,社会体育指导员
拳击教练,4-14-05-01,4140501,社会体育指导员
武术教练,4-14-05-01,4140501,社会体育指导员
娱乐领班,4-14-05-04,4140504,康乐服务员
娱乐服务员,4-14-05-04,4140504,康乐服务员
健身房服务,4-14-05-04,4140504,康乐服务员
电子竞技运营,4-14-05-06,4140506,电子竞技运营师
游戏主播,4-14-05-07,4140507,电子竞技员S
民宿管家,4-14-06-02,4140602,民宿管家
管家部经理/主管,4-14-06-02,4140602,民宿管家
长租公寓管家/养老专员,4-14-06-02,4140602,民宿管家
酒店管理,4-14-06-02,4140602,民宿管家
其他服务业职位,4-99-00-00,4990000,其他社会生产服务和生活服务人员
农艺师,5-01-02-01,5010201,农艺工
畜牧师,5-03-02-01,5030201,家畜饲养员
饲养员,5-03-02-01,5030201,家畜饲养员
农业技术员,5-05-01-01,5050101,农业技术员
养殖部主管,5-05-01-02,5050102,农业经理人L
其他生产制造职位,6-00-00-00,6000000,生产制造及有关人员
普工/操作工,6-00-00-00,6000000,生产制造及有关人员
技工,6-00-00-00,6000000,生产制造及有关人员
组装工,6-00-00-00,6000000,生产制造及有关人员
学徒工,6-00-00-00,6000000,生产制造及有关人员
面包/烘焙师,6-02-01-01,6020101,糕点面包烘焙师
蛋糕/裱花师,6-02-01-02,6020102,糕点装饰师
酒体设计师,6-02-06-12,6020612,酒体设计师
细纱工,6-04-02-01,6040201,纺纱工
整经工,6-04-03-01,6040301,整经工
纺织工,6-04-03-03,6040303,织布工
挡车工,6-04-03-03,6040303,织布工
针织工,6-04-03-03,6040303,织布工
印染工,6-04-06-00,6040600,印染人员
配色工,6-04-06-02,6040602,纺织染色工
配色技术员,6-04-06-02,6040602,纺织染色工
电脑放码员,6-05-01-01,6050101,服装制版师
样衣工,6-05-01-01,6050101,服装制版师
板房/楦头/底格出格师,6-05-01-01,6050101,服装制版师
打样/制版,6-05-01-01,6050101,服装制版师
裁床,6-05-01-02,6050102,裁剪工
裁剪工,6-05-01-02,6050102,裁剪工
缝纫工,6-05-01-03,6050103,缝纫工
手缝工,6-05-01-03,6050103,缝纫工
服装领班,6-05-01-03,6050103,缝纫工
烫工,6-05-01-04,6050104,缝纫品整型工
木工,6-06-03-02,6060302,机械木工
纸样师/车板工,6-07-01-03,6070103,造纸工
切纸机操作工,6-07-01-04,6070104,纸张整饰工
复卷工,6-07-01-04,6070104,纸张整饰工
模切工,6-07-02-00,6070200,纸箱纸盒制作工
印刷排版,6-08-01-01,6080101,印前处理和制作员
晒版员,6-08-01-01,6080101,印前处理和制作员
印刷排版/制版,6-08-01-01,6080101,印前处理和制作员
排版设计,6-08-01-01,6080101,印前处理和制作员
烫金工,6-08-01-02,6080102,印刷操作员
数码直印/菲林输出,6-08-01-02,6080102,印刷操作员
印刷工,6-08-01-02,6080102,印刷操作员
印刷机械机长,6-08-01-02,6080102,印刷操作员
裱胶工,6-08-01-03,6080103,印后制作员
压痕工,6-08-01-03,6080103,印后制作员
装订工,6-08-01-03,6080103,印后制作员
药物合成/有机合成研究员,6-11-02-15,6110215,有机合成工
涂料研发,6-11-05-01,6110501,涂料生产工
调墨技师,6-11-05-02,6110502,油墨制造工
调色员,6-11-05-03,6110503,颜料生产工
炼胶工,6-11-07-00,6110700,合成橡胶生产工
化妆品研发,6-11-10-03,6111003,化妆品配方师
药物合成,6-12-01-00,6120100,化学合成制药工
药品生产,6-12-01-00,6120100,化学合成制药工
硫化工,6-14-01-01,6140101,橡胶制品生产工
吹膜工,6-14-02-00,6140200,塑料制品成型制作工
车工,6-18-01-01,6180101,车工
铣工,6-18-01-02,6180102,铣工
刨工,6-18-01-03,6180103,刨插工
磨工,6-18-01-04,6180104,磨工
镗工,6-18-01-05,6180105,镗工
CNC/数控操机,6-18-01-07,6180107,多工序数控机床操作调整工
CNC/数控编程,6-18-01-07,6180107,多工序数控机床操作调整工
CNC/数控,6-18-01-07,6180107,多工序数控机床操作调整工
铆工,6-18-01-11,6180111,铆工
冲压工,6-18-01-12,6180112,冲压工
钣金工,6-18-01-12,6180112,冲压工
折弯工,6-18-01-12,6180112,冲压工
氩弧焊工,6-18-02-04,6180204,焊工
焊工,6-18-02-04,6180204,焊工
切割技工,6-18-02-05,6180205,机械加工材料切割工
切割工,6-18-02-05,6180205,机械加工材料切割工
电镀工,6-18-03-01,6180301,镀层工
电镀工/镀膜操作,6-18-03-01,6180301,镀层工
喷塑工,6-18-03-03,6180303,涂装工
油漆工,6-18-03-03,6180303,涂装工
抛光工,6-18-03-04,6180304,喷涂喷焊工
模具工,6-18-04-01,6180401,模具工
注塑工,6-18-04-01,6180401,模具工
钳工,6-20-01-01,6200101,装配钳工
医疗器械维修人员,6-21-06-01,6210601,医疗器械装配工
医疗器械生产/质量管理,6-21-06-01,6210601,医疗器械装配工
汽车喷漆,6-22-02-01,6220201,汽车装调工
汽车改装,6-22-02-02,6220202,汽车回收拆解工L
轨道交通工程师,6-23-01-00,6230100,轨道交通运输设备制造人员
空调工,6-24-05-02,6240502,空调器制造工
智能硬件装调员,6-25-04-05,6250405,智能硬件装调员
仪表工,6-26-01-01,6260101,仪器仪表制造工
锅炉工,6-28-01-11,6280111,锅炉操作工
电分操作员,6-28-01-14,6280114,变配电运行值班员
一级建造师,6-29-00-00,6290000,建筑施工人员
施工开料工,6-29-00-00,6290000,建筑施工人员
施工员,6-29-00-00,6290000,建筑施工人员
泥瓦工,6-29-01-01,6290101,砌筑工
混凝土工,6-29-01-03,6290103,混凝土工
土建,6-29-02-00,6290200,土木工程建筑施工人员
结构/土木/土建工程师,6-29-02-00,6290200,土木工程建筑施工人员
有线传输工程师,6-29-02-12,6290212,送配电线路工
电梯工,6-29-03-03,6290303,电梯安装维修工
建筑设计,6-29-04-00,6290400,建筑装饰人员
特种车司机,6-30-01-00,6300100,专用车辆驾驶员
船务/空运陆运操作,6-30-04-03,6300403,船闸及升船机运管员
机械设备经理/主管,6-30-05-00,6300500,通用工程机械操作人员
叉车司机,6-30-05-01,6300501,起重装卸机械操作工
叉车工,6-30-05-01,6300501,起重装卸机械操作工
吊车司机,6-30-05-02,6300502,起重工
铲车司机,6-30-05-05,6300505,挖掘铲运和桩工机械司机
挖掘机司机,6-30-05-05,6300505,挖掘铲运和桩工机械司机
厂务,6-31-00-00,6310000,生产辅助人员
杂工,6-31-00-00,6310000,生产辅助人员
生产设备管理员,6-31-01-01,6310101,设备点检员
采购材料、设备质量管理,6-31-01-01,6310101,设备点检员
设备主管,6-31-01-01,6310101,设备点检员
弱电工程师,6-31-01-03,6310103,电工
汽车电工,6-31-01-03,6310103,电工
水电工,6-31-01-03,6310103,电工
电工,6-31-01-03,6310103,电工
机械维修/保养,6-31-01-09,6310109,工程机械维修工
电子维修技术员,6-31-01-10,6310110,机电设备维修工
物业维修,6-31-01-10,6310110,机电设备维修工
机修工,6-31-01-10,6310110,机电设备维修工
弱电工,6-31-01-10,6310110,机电设备维修工
功能测试,6-31-03-00,6310300,检验试验人员
化验员,6-31-03-01,6310301,化学检验员
化学分析测试员,6-31-03-01,6310301,化学检验员
质检员QC,6-31-03-05,6310305,质检员
服装纺织质检员(QA/QC),6-31-03-05,6310305,质检员
质检员,6-31-03-05,6310305,质检员
包装工,6-31-05-00,6310500,包装工
生产安全员,6-31-06-00,6310600,安全员
施工安全员,6-31-06-00,6310600,安全员
安全员,6-31-06-00,6310600,安全员
工业视觉系统运维员,6-31-07-02,6310702,工业视觉系统运维员S
其他职位,8-00-00-00,8000000,不便分类的其他从业人员
